,last_update,timestamp,tests_performed,abbreviation_canton,name_canton,number_canton,lat,long,total_positive_cases,total_currently_positive_cases,new_hosp,total_hospitalized,intensive_care,total_currently_positive_per_100k,deaths_per_100k,released,ncumul_ICU_intub,deaths,ncumul_vent,current_isolated,current_quarantined,current_quarantined_riskareatravel,current_quarantined_total,ncumul_ICF,TotalPosTests1,ninst_ICU_intub,ncumul_confirmed_non_resident,current_hosp_non_resident,diff_tested,current_hosp_resident,new_positive_cases,new_deaths,source,doubling_time_total_positive,doubling_time_fatalities
153,2020-08-24 16:06:08,2020-03-06 11:00:00,,SO,Solothurn,11,47.304135,7.639388,1,1,0,,,0.37,,,0,,,,,,,,,,,,,,0,0,https://so.ch/startseite/aktuell/news/erster-laborbestaetigter-covid-19-fall-im-kanton-solothurn/?tx_news_pi1%5Bcontroller%5D=News&tx_news_pi1%5Baction%5D=detail&cHash=3074bbdc8f0fcdcb9f1e11a21fc05e73,0.0,0.0
416,2020-08-24 16:06:08,2020-03-20 16:37:00,,SO,Solothurn,11,47.304135,7.639388,66,66,0,,,24.32,,,0,,,,,,,,,,,,,,65,0,https://twitter.com/KantonSolothurn/status/1241041303024041989?p=p,0.0,0.0
481,2020-08-24 16:06:08,2020-03-23 11:00:00,,SO,Solothurn,11,47.304135,7.639388,95,95,0,,,35.0,0.368,,0,1,,,,,,,,,,,,,29,0,https://corona.so.ch/,0.0,0.0
507,2020-08-24 16:06:08,2020-03-24 02:00:00,,SO,Solothurn,11,47.304135,7.639388,104,104,0,,,38.32,0.368,,0,1,,,,,,,,,,,,,9,0,https://corona.so.ch/,0.0,0.0
534,2020-08-24 16:06:08,2020-03-25 02:00:00,,SO,Solothurn,11,47.304135,7.639388,129,129,0,,,47.53,0.368,,0,1,,,,,,,,,,,,,25,0,https://corona.so.ch/,0.0,0.0
560,2020-08-24 16:06:08,2020-03-26 02:00:00,,SO,Solothurn,11,47.304135,7.639388,141,141,0,,,51.95,0.368,,0,1,,,,,,,,,,,,,12,0,https://corona.so.ch/,0.700324,0.0
587,2020-08-24 16:06:08,2020-03-27 02:00:00,,SO,Solothurn,11,47.304135,7.639388,157,157,0,,,57.85,0.368,,0,1,,,,,,,,,,,,,16,0,https://corona.so.ch/,3.999275,0.0
612,2020-08-24 16:06:08,2020-03-28 02:00:00,,SO,Solothurn,11,47.304135,7.639388,173,173,0,,,63.74,0.368,,0,1,,,,,,,,,,,,,16,0,https://corona.so.ch/,5.781867,
636,2020-08-24 16:06:08,2020-03-29 01:00:00,,SO,Solothurn,11,47.304135,7.639388,190,190,0,,,70.01,0.737,,0,2,,,,,,,,,,,,,17,1,https://corona.so.ch/,5.750988,5.0
689,2020-08-24 16:06:08,2020-03-31 01:00:00,,SO,Solothurn,11,47.304135,7.639388,196,196,0,,,72.22,0.737,,0,2,,,,,,,,,,,,,6,0,https://corona.so.ch/index.php?id=27979,8.285243,5.0
715,2020-08-24 16:06:08,2020-04-01 01:00:00,,SO,Solothurn,11,47.304135,7.639388,216,216,0,,,79.59,1.105,,0,3,,,,,,,,,,,,,20,1,https://corona.so.ch/index.php?id=27979,8.12564,3.154649
742,2020-08-24 16:06:08,2020-04-02 01:00:00,,SO,Solothurn,11,47.304135,7.639388,227,227,0,14,,83.64,1.105,,0,3,,,,,,,,,,,,,11,0,https://corona.so.ch/index.php?id=27979,9.399773,3.154649
769,2020-08-24 16:06:08,2020-04-03 01:00:00,,SO,Solothurn,11,47.304135,7.639388,237,237,3,17,,87.32,1.105,,0,3,,,,,,,,,,,,,10,0,https://corona.so.ch/index.php?id=27979,11.010426,3.154649
794,2020-08-24 16:06:08,2020-04-04 01:00:00,,SO,Solothurn,11,47.304135,7.639388,250,250,0,17,,92.11,1.105,,0,3,,,,,,,,,,,,,13,0,https://corona.so.ch/index.php?id=27979,12.628537,8.547556
818,2020-08-24 16:06:08,2020-04-05 01:00:00,,SO,Solothurn,11,47.304135,7.639388,258,258,0,16,,95.06,1.105,,0,3,,,,,,,,,,,,,8,0,https://corona.so.ch/index.php?id=27979,12.609787,8.547556
845,2020-08-24 16:06:08,2020-04-06 01:00:00,,SO,Solothurn,11,47.304135,7.639388,261,261,10,26,,96.17,1.105,,0,3,,,,,,,,,,,,,3,0,https://corona.so.ch/index.php?id=27979,18.313778,
872,2020-08-24 16:06:08,2020-04-07 01:00:00,,SO,Solothurn,11,47.304135,7.639388,264,264,3,29,,97.27,1.105,,0,3,,,,,,,,,,,,,3,0,https://corona.so.ch/index.php?id=27979,22.952032,
899,2020-08-24 16:06:08,2020-04-08 01:00:00,,SO,Solothurn,11,47.304135,7.639388,276,276,-7,22,,101.69,1.105,,0,3,,,,,,,,,,,,,12,0,https://corona.so.ch/index.php?id=27979,22.749898,
926,2020-08-24 16:06:08,2020-04-09 01:00:00,,SO,Solothurn,11,47.304135,7.639388,282,282,1,23,,103.91,1.842,,0,5,,,,,,,,,,,,,6,2,https://corona.so.ch/index.php?id=27979,28.774152,6.784577
951,2020-08-24 16:06:08,2020-04-10 01:00:00,,SO,Solothurn,11,47.304135,7.639388,294,294,-1,22,,108.33,1.842,,0,5,,,,,,,,,,,,,12,0,https://corona.so.ch/index.php?id=27979,26.532928,6.784577
977,2020-08-24 16:06:08,2020-04-11 01:00:00,,SO,Solothurn,11,47.304135,7.639388,306,306,0,22,,112.75,2.211,,0,6,,,,,,,,,,,,,12,1,https://corona.so.ch/index.php?id=27979,21.788216,5.0
1001,2020-08-24 16:06:08,2020-04-12 01:00:00,,SO,Solothurn,11,47.304135,7.639388,315,315,0,23,,116.06,2.579,,0,7,,,,,,,,,,,,,9,1,https://corona.so.ch/index.php?id=27979,19.622164,4.090339
1027,2020-08-24 16:06:08,2020-04-13 01:00:00,,SO,Solothurn,11,47.304135,7.639388,321,321,0,23,,118.28,2.579,,0,7,,,,,,,,,,,,,6,0,https://corona.so.ch/index.php?id=27979,22.945776,4.090339
1054,2020-08-24 16:06:08,2020-04-14 01:00:00,,SO,Solothurn,11,47.304135,7.639388,325,325,-1,22,,119.75,2.948,,0,8,,,,,,,,,,,,,4,1,https://corona.so.ch/index.php?id=27979,24.420674,7.373849
1081,2020-08-24 16:06:08,2020-04-15 01:00:00,,SO,Solothurn,11,47.304135,7.639388,329,329,0,22,,121.22,2.948,,0,8,,,,,,,,,,,,,4,0,https://corona.so.ch/index.php?id=27979,30.812571,7.373849
1108,2020-08-24 16:06:08,2020-04-16 01:00:00,,SO,Solothurn,11,47.304135,7.639388,343,343,0,22,,126.38,2.948,,0,8,,,,,,,,,,,,,14,0,https://corona.so.ch/index.php?id=27979,30.362481,12.047104
1135,2020-08-24 16:06:08,2020-04-17 01:00:00,,SO,Solothurn,11,47.304135,7.639388,350,350,-2,20,,128.96,3.316,,0,9,,,,,,,,,,,,,7,1,https://corona.so.ch/index.php?id=27979,32.894067,13.790437
1159,2020-08-24 16:06:08,2020-04-18 01:00:00,,SO,Solothurn,11,47.304135,7.639388,353,353,-1,19,,130.07,3.685,,0,10,,,,,,,,,,,,,3,1,https://corona.so.ch/index.php?id=27979,36.471091,9.716791
1184,2020-08-24 16:06:08,2020-04-19 01:00:00,,SO,Solothurn,11,47.304135,7.639388,355,355,0,19,,130.8,4.053,,0,11,,,,,,,,,,,,,2,1,https://corona.so.ch/index.php?id=27979,39.252844,10.883012
1211,2020-08-24 16:06:08,2020-04-20 01:00:00,,SO,Solothurn,11,47.304135,7.639388,355,355,0,19,,130.8,4.053,,0,11,,,,,,,,,,,,,0,0,https://corona.so.ch/index.php?id=27979,45.565792,10.883012
1238,2020-08-24 16:06:08,2020-04-21 01:00:00,,SO,Solothurn,11,47.304135,7.639388,359,359,0,19,,132.28,4.053,,0,11,,,,,,,,,,,,,4,0,https://corona.so.ch/index.php?id=27979,76.016414,10.883012
1265,2020-08-24 16:06:08,2020-04-22 01:00:00,,SO,Solothurn,11,47.304135,7.639388,368,368,-1,18,,135.59,4.053,,0,11,,,,,,,,,,,,,9,0,https://corona.so.ch/index.php?id=27979,69.107694,17.270762
1292,2020-08-24 16:06:08,2020-04-23 01:00:00,,SO,Solothurn,11,47.304135,7.639388,375,375,-3,15,,138.17,4.422,,0,12,,,,,,,,,,,,,7,1,https://corona.so.ch/index.php?id=27979,57.324716,19.00892
1319,2020-08-24 16:06:08,2020-04-24 01:00:00,,SO,Solothurn,11,47.304135,7.639388,376,376,0,15,,138.54,5.158,,0,14,,,,,,,,,,,,,1,2,https://corona.so.ch/index.php?id=27979,60.303711,14.370983
1343,2020-08-24 16:06:08,2020-04-25 01:00:00,,SO,Solothurn,11,47.304135,7.639388,379,379,-2,13,,139.65,5.158,,0,14,,,,,,,,,,,,,3,0,https://corona.so.ch/index.php?id=27979,52.977986,14.370983
1366,2020-08-24 16:06:08,2020-04-26 01:00:00,,SO,Solothurn,11,47.304135,7.639388,380,380,-1,12,,140.01,5.527,,0,15,,,,,,,,,,,,,1,1,https://corona.so.ch/index.php?id=27979,60.964031,11.174209
1393,2020-08-24 16:06:08,2020-04-27 01:00:00,,SO,Solothurn,11,47.304135,7.639388,382,382,1,13,,140.75,5.527,,0,15,,,,,,,,,,,,,2,0,https://corona.so.ch/index.php?id=27979,92.821428,11.174209
1420,2020-08-24 16:06:08,2020-04-28 01:00:00,,SO,Solothurn,11,47.304135,7.639388,383,383,0,13,,141.12,5.527,,0,15,,,,,,,,,,,,,1,0,https://corona.so.ch/index.php?id=27979,164.183142,15.531419
1447,2020-08-24 16:06:08,2020-04-29 01:00:00,,SO,Solothurn,11,47.304135,7.639388,384,384,-1,12,,141.49,5.527,,0,15,,,,,,,,,,,,,1,0,https://corona.so.ch/index.php?id=27979,164.616375,50.233246
1474,2020-08-24 16:06:08,2020-04-30 01:00:00,,SO,Solothurn,11,47.304135,7.639388,388,388,0,12,,142.96,5.527,,0,15,,,,,,,,,,,,,4,0,https://corona.so.ch/index.php?id=27979,147.67208,50.233246
1501,2020-08-24 16:06:08,2020-05-01 01:00:00,,SO,Solothurn,11,47.304135,7.639388,390,390,0,12,,143.7,5.527,,0,15,,,,,,,,,,,,,2,0,https://corona.so.ch/index.php?id=27979,133.42333,
1525,2020-08-24 16:06:08,2020-05-02 01:00:00,,SO,Solothurn,11,47.304135,7.639388,392,392,-1,11,,144.44,5.527,,0,15,,,,,,,,,,,,,2,0,https://corona.so.ch/index.php?id=27979,134.116516,
1549,2020-08-24 16:06:08,2020-05-03 01:00:00,,SO,Solothurn,11,47.304135,7.639388,398,398,0,11,,146.65,5.527,,0,15,,,,,,,,,,,,,6,0,https://corona.so.ch/index.php?id=27979,90.213563,
1576,2020-08-24 16:06:08,2020-05-04 01:00:00,,SO,Solothurn,11,47.304135,7.639388,400,400,0,11,,147.38,5.527,,0,15,,,,,,,,,,,,,2,0,https://corona.so.ch/index.php?id=27979,84.89874,
1603,2020-08-24 16:06:08,2020-05-05 01:00:00,,SO,Solothurn,11,47.304135,7.639388,402,402,-1,10,,148.12,5.527,,0,15,,,,,,,,,,,,,2,0,https://corona.so.ch/index.php?id=27979,97.773026,
1630,2020-08-24 16:06:08,2020-05-06 01:00:00,,SO,Solothurn,11,47.304135,7.639388,403,403,1,11,,148.49,5.527,,0,15,,,,,,,,,,,,,1,0,https://corona.so.ch/index.php?id=27979,105.695475,
1656,2020-08-24 16:06:08,2020-05-07 01:00:00,,SO,Solothurn,11,47.304135,7.639388,406,406,0,11,,149.59,5.527,,0,15,,,,,,,,,,,,,3,0,https://corona.so.ch/index.php?id=27979,98.763339,
1682,2020-08-24 16:06:08,2020-05-08 01:00:00,,SO,Solothurn,11,47.304135,7.639388,407,407,0,11,,149.96,5.527,,0,15,,,,,,,,,,,,,1,0,https://corona.so.ch/index.php?id=27979,154.988953,
1753,2020-08-24 16:06:08,2020-05-11 01:00:00,,SO,Solothurn,11,47.304135,7.639388,420,420,-4,7,,154.75,5.527,,0,15,,,,,,,,,,,,,13,0,https://corona.so.ch/index.php?id=27979,71.033495,
1780,2020-08-24 16:06:08,2020-05-12 01:00:00,,SO,Solothurn,11,47.304135,7.639388,421,421,5,12,,155.12,5.527,,0,15,,,,,,,,,,,,,1,0,https://corona.so.ch/index.php?id=27979,75.047206,
1805,2020-08-24 16:06:08,2020-05-13 01:00:00,,SO,Solothurn,11,47.304135,7.639388,423,423,0,12,,155.86,5.527,,0,15,,,,,,,,,,,,,2,0,https://corona.so.ch/index.php?id=27979,71.553458,
1831,2020-08-24 16:06:08,2020-05-14 01:00:00,,SO,Solothurn,11,47.304135,7.639388,425,425,-1,11,,156.6,5.527,,0,15,,,,,,,,,,,,,2,0,https://corona.so.ch/index.php?id=27979,75.776963,
1857,2020-08-24 16:06:08,2020-05-15 01:00:00,,SO,Solothurn,11,47.304135,7.639388,427,427,-5,6,,157.33,5.527,,0,15,,,,,,,,,,,,,2,0,https://corona.so.ch/index.php?id=27979,72.24674,
1923,2020-08-24 16:06:08,2020-05-18 01:00:00,,SO,Solothurn,11,47.304135,7.639388,432,432,0,6,,159.17,5.895,,0,16,,,,,,,,,,,,,5,1,https://corona.so.ch/index.php?id=27979,123.025489,53.700268
1948,2020-08-24 16:06:08,2020-05-19 01:00:00,,SO,Solothurn,11,47.304135,7.639388,434,434,0,6,,159.91,5.895,,0,16,,,,,,,,,,,,,2,0,https://corona.so.ch/index.php?id=27979,113.960609,53.700268
1975,2020-08-24 16:06:08,2020-05-20 01:00:00,,SO,Solothurn,11,47.304135,7.639388,436,436,0,6,,160.65,5.895,,0,16,,,,,,,,,,,,,2,0,https://corona.so.ch/index.php?id=27979,114.49384,53.700268
1997,2020-08-24 16:06:08,2020-05-21 01:00:00,,SO,Solothurn,11,47.304135,7.639388,439,439,0,6,,161.75,5.895,,0,16,,,,,,,,,,,,,3,0,https://corona.so.ch/index.php?id=27979,106.933348,53.700268
2086,2020-08-24 16:06:08,2020-05-25 01:00:00,,SO,Solothurn,11,47.304135,7.639388,439,439,0,6,,161.75,6.264,,0,17,,,,,,,,,,,,,0,1,https://corona.so.ch/index.php?id=27979,125.047299,27.689748
2111,2020-08-24 16:06:08,2020-05-26 01:00:00,,SO,Solothurn,11,47.304135,7.639388,439,439,0,6,,161.75,6.264,,0,17,,,,,,,,,,,,,0,0,https://corona.so.ch/index.php?id=27979,215.613641,57.167134
2138,2020-08-24 16:06:08,2020-05-27 01:00:00,,SO,Solothurn,11,47.304135,7.639388,439,439,0,6,,161.75,6.264,,0,17,,,,,,,,,,,,,0,0,https://corona.so.ch/index.php?id=27979,302.555436,57.167134
2164,2020-08-24 16:06:08,2020-05-28 01:00:00,,SO,Solothurn,11,47.304135,7.639388,440,440,0,6,,162.12,6.264,,0,17,,,,,,,,,,,,,1,0,https://corona.so.ch/index.php?id=27979,379.495444,57.167134
2191,2020-08-24 16:06:08,2020-05-29 01:00:00,,SO,Solothurn,11,47.304135,7.639388,440,440,0,6,,162.12,6.264,,0,17,,,,,,,,,,,,,0,0,https://corona.so.ch/index.php?id=27979,1523.190272,57.167134
2274,2020-08-24 16:06:08,2020-06-02 01:00:00,,SO,Solothurn,11,47.304135,7.639388,443,443,0,6,,163.23,6.264,,0,17,,,,,,,,,,,,,3,0,https://corona.so.ch/index.php?id=27979,382.094764,
2301,2020-08-24 16:06:08,2020-06-03 01:00:00,,SO,Solothurn,11,47.304135,7.639388,445,445,0,6,,163.96,6.264,,0,17,,,,,,,,,,,,,2,0,https://corona.so.ch/index.php?id=27979,255.305291,
2325,2020-08-24 16:06:08,2020-06-04 01:00:00,,SO,Solothurn,11,47.304135,7.639388,446,446,0,6,,164.33,6.264,,0,17,,,,,,,,,,,,,1,0,https://corona.so.ch/index.php?id=27979,219.079451,
2349,2020-08-24 16:06:08,2020-06-05 01:00:00,,SO,Solothurn,11,47.304135,7.639388,446,446,0,6,,164.33,6.264,,0,17,,,,,,,,,,,,,0,0,https://corona.so.ch/index.php?id=27979,255.882922,
2411,2020-08-24 16:06:08,2020-06-08 01:00:00,,SO,Solothurn,11,47.304135,7.639388,446,446,0,6,,164.33,6.264,,0,17,,,,,,,,,,,,,0,0,https://corona.so.ch/index.php?id=27979,255.882922,
2435,2020-08-24 16:06:08,2020-06-09 01:00:00,,SO,Solothurn,11,47.304135,7.639388,446,446,0,6,,164.33,6.264,,0,17,,,,,,,,,,,,,0,0,https://corona.so.ch/index.php?id=27979,513.504587,
2542,2020-08-24 16:06:08,2020-06-14 01:00:00,,SO,Solothurn,11,47.304135,7.639388,448,448,0,6,,165.07,6.264,,0,17,,,,,,,,,,,,,2,0,https://corona.so.ch/index.php?id=27979,515.815086,
2566,2020-08-24 16:06:08,2020-06-15 01:00:00,,SO,Solothurn,11,47.304135,7.639388,448,448,0,6,,165.07,6.264,,0,17,,,,,,,,,,,,,0,0,https://corona.so.ch/index.php?id=27979,774.590682,
2590,2020-08-24 16:06:08,2020-06-16 01:00:00,,SO,Solothurn,11,47.304135,7.639388,448,448,0,6,,165.07,6.264,,0,17,,,,,,,,,,,,,0,0,https://corona.so.ch/index.php?id=27979,774.590682,
2615,2020-08-24 16:06:08,2020-06-17 01:00:00,,SO,Solothurn,11,47.304135,7.639388,449,449,0,6,,165.44,6.264,,0,17,,,,,,,,,,,,,1,0,https://corona.so.ch/index.php?id=27979,516.970336,
2638,2020-08-24 16:06:08,2020-06-18 01:00:00,,SO,Solothurn,11,47.304135,7.639388,449,449,0,6,,165.44,6.264,,0,17,,,,,,,,,,,,,0,0,https://corona.so.ch/index.php?id=27979,516.970336,
2663,2020-08-24 16:06:08,2020-06-19 01:00:00,,SO,Solothurn,11,47.304135,7.639388,451,451,0,6,,166.18,6.264,,0,17,,,,,,,,,,,,,2,0,https://corona.so.ch/index.php?id=27979,519.280835,
2726,2020-08-24 16:06:08,2020-06-22 01:00:00,,SO,Solothurn,11,47.304135,7.639388,451,451,0,6,,166.18,6.264,,0,17,,,,,,,,,,,,,0,0,https://corona.so.ch/index.php?id=27979,519.280835,
2751,2020-08-24 16:06:08,2020-06-23 01:00:00,,SO,Solothurn,11,47.304135,7.639388,451,451,0,6,,166.18,6.264,,0,17,,,,,,,,,,,,,0,0,https://corona.so.ch/index.php?id=27979,519.280835,
2776,2020-08-24 16:06:08,2020-06-24 01:00:00,,SO,Solothurn,11,47.304135,7.639388,452,452,0,6,,166.54,6.264,,0,17,,,,,,,,,,,,,1,0,https://corona.so.ch/index.php?id=27979,520.436085,
2801,2020-08-24 16:06:08,2020-06-25 01:00:00,,SO,Solothurn,11,47.304135,7.639388,453,453,0,6,,166.91,6.264,,0,17,,,,,,,,,,,,,1,0,https://corona.so.ch/index.php?id=27979,390.759162,
2827,2020-08-24 16:06:08,2020-06-26 01:00:00,,SO,Solothurn,11,47.304135,7.639388,453,453,0,6,,166.91,6.264,,0,17,,,,,,,,,,,,,0,0,https://corona.so.ch/index.php?id=27979,783.255036,
2891,2020-08-24 16:06:08,2020-06-29 01:00:00,,SO,Solothurn,11,47.304135,7.639388,456,456,0,6,,168.02,6.264,,0,17,,,,,,,,,,,,,3,0,https://corona.so.ch/index.php?id=27979,314.339062,
2917,2020-08-24 16:06:08,2020-06-30 01:00:00,,SO,Solothurn,11,47.304135,7.639388,459,459,0,6,,169.12,6.264,,0,17,,,,,,,,,,,,,3,0,https://corona.so.ch/index.php?id=27979,197.108651,
2944,2020-08-24 16:06:08,2020-07-01 01:00:00,,SO,Solothurn,11,47.304135,7.639388,461,461,0,6,,169.86,6.264,,0,17,,,,,,,,,,,,,2,0,https://corona.so.ch/index.php?id=27979,175.784132,
2970,2020-08-24 16:06:08,2020-07-02 01:00:00,,SO,Solothurn,11,47.304135,7.639388,463,463,0,6,,170.6,6.264,,0,17,,,,,,,,,,,,,2,0,https://corona.so.ch/index.php?id=27979,158.724398,
2996,2020-08-24 16:06:08,2020-07-03 01:00:00,,SO,Solothurn,11,47.304135,7.639388,464,464,0,6,,170.97,6.264,,0,17,,,,,,,,,,,,,1,0,https://corona.so.ch/index.php?id=27979,144.451245,
3034,2020-08-24 16:06:08,2020-07-05 01:00:00,,SO,Solothurn,11,47.304135,7.639388,468,468,0,6,,172.44,6.264,,0,17,,,,,,,,,,,,,4,0,https://corona.so.ch/index.php?id=27979,133.42333,
3061,2020-08-24 16:06:08,2020-07-06 01:00:00,,SO,Solothurn,11,47.304135,7.639388,472,472,0,6,,173.91,6.264,,0,17,,,,,,,,,,,,,4,0,https://corona.so.ch/index.php?id=27979,124.091939,
3086,2020-08-24 16:06:08,2020-07-07 01:00:00,,SO,Solothurn,11,47.304135,7.639388,475,475,0,6,,175.02,6.264,,0,17,,,,,,,,,,,,,3,0,https://corona.so.ch/index.php?id=27979,115.84596,
3112,2020-08-24 16:06:08,2020-07-08 01:00:00,,SO,Solothurn,11,47.304135,7.639388,479,479,0,6,,176.49,6.264,,0,17,,,,,,,,,,,,,4,0,https://corona.so.ch/index.php?id=27979,102.012789,
3137,2020-08-24 16:06:08,2020-07-09 01:00:00,,SO,Solothurn,11,47.304135,7.639388,481,481,0,6,,177.23,6.264,,0,17,,,,,,,,,,,,,2,0,https://corona.so.ch/index.php?id=27979,96.316679,
3225,2020-08-24 16:06:08,2020-07-12 23:00:00,,SO,Solothurn,11,47.304135,7.639388,491,491,0,6,,180.91,6.264,,0,17,,,,,,,,,,,,,10,0,https://corona.so.ch/index.php?id=27979,72.239204,
3252,2020-08-24 16:06:08,2020-07-13 23:00:00,,SO,Solothurn,11,47.304135,7.639388,493,493,0,6,,181.65,6.264,,0,17,,,,,,,,,,,,,2,0,https://corona.so.ch/index.php?id=27979,79.616837,
3277,2020-08-24 16:06:08,2020-07-14 23:00:00,,SO,Solothurn,11,47.304135,7.639388,497,497,0,6,,183.12,6.264,,0,17,,,,,,,,,,,,,4,0,https://corona.so.ch/index.php?id=27979,76.548181,
3303,2020-08-24 16:06:08,2020-07-15 23:00:00,,SO,Solothurn,11,47.304135,7.639388,499,499,0,6,,183.86,6.264,,0,17,,,,,,,,,,,,,2,0,https://corona.so.ch/index.php?id=27979,84.725429,
3329,2020-08-24 16:06:08,2020-07-16 23:00:00,,SO,Solothurn,11,47.304135,7.639388,500,500,0,6,,184.23,6.264,,0,17,,,,,,,,,,,,,1,0,https://corona.so.ch/index.php?id=27979,89.45952,
3391,2020-08-24 16:06:08,2020-07-19 23:00:00,,SO,Solothurn,11,47.304135,7.639388,503,503,0,2,,185.34,6.632,,0,18,,,,,,,,,,,,,3,1,https://corona.so.ch/index.php?id=27979,143.532255,60.633871
3418,2020-08-24 16:06:08,2020-07-20 23:00:00,,SO,Solothurn,11,47.304135,7.639388,505,505,0,2,,186.07,6.632,,0,18,,,,,,,,,,,,,2,0,https://corona.so.ch/index.php?id=27979,144.109906,60.633871
3443,2020-08-24 16:06:08,2020-07-21 23:00:00,,SO,Solothurn,11,47.304135,7.639388,506,506,-1,1,,186.44,6.632,,0,18,,,,,,,,,,,,,1,0,https://corona.so.ch/index.php?id=27979,193.113323,60.633871
3469,2020-08-24 16:06:08,2020-07-22 23:00:00,,SO,Solothurn,11,47.304135,7.639388,509,509,0,1,,187.55,6.632,,0,18,,,,,,,,,,,,,3,0,https://corona.so.ch/index.php?id=27979,174.667359,60.633871
3496,2020-08-24 16:06:08,2020-07-23 23:00:00,,SO,Solothurn,11,47.304135,7.639388,511,511,0,1,,188.28,6.632,,0,18,,,,,,,,,,,,,2,0,https://corona.so.ch/index.php?id=27979,159.260033,60.633871
3558,2020-08-24 16:06:08,2020-07-26 23:00:00,,SO,Solothurn,11,47.304135,7.639388,519,519,1,2,,191.23,6.632,,0,18,,,,,,,,,,,,,8,0,https://corona.so.ch/index.php?id=27979,110.677897,
3583,2020-08-24 16:06:08,2020-07-27 23:00:00,,SO,Solothurn,11,47.304135,7.639388,521,521,0,2,,191.97,6.632,,0,18,,,,,,,,,,,,,2,0,https://corona.so.ch/index.php?id=27979,111.111149,
3610,2020-08-24 16:06:08,2020-07-28 23:00:00,,SO,Solothurn,11,47.304135,7.639388,522,522,0,2,,192.34,6.632,,0,18,,,,,,,,,,,,,1,0,https://corona.so.ch/index.php?id=27979,111.327775,
3637,2020-08-24 16:06:08,2020-07-29 23:00:00,,SO,Solothurn,11,47.304135,7.639388,524,524,-1,1,,193.07,6.632,,0,18,,,,,,,,,,,,,2,0,https://corona.so.ch/index.php?id=27979,119.328452,
3664,2020-08-24 16:06:08,2020-07-30 23:00:00,,SO,Solothurn,11,47.304135,7.639388,526,526,1,2,,193.81,6.632,,0,18,,,,,,,,,,,,,2,0,https://corona.so.ch/index.php?id=27979,119.790582,
3728,2020-08-24 16:06:08,2020-08-02 23:00:00,,SO,Solothurn,11,47.304135,7.639388,535,535,1,3,,197.13,6.632,,0,18,,,,,,,,,,,,,9,0,https://corona.so.ch/index.php?id=27979,114.143907,
3754,2020-08-24 16:06:08,2020-08-03 23:00:00,,SO,Solothurn,11,47.304135,7.639388,536,536,0,3,,197.49,6.632,,0,18,,,,,,,,,,,,,1,0,https://corona.so.ch/index.php?id=27979,122.101231,
3781,2020-08-24 16:06:08,2020-08-04 23:00:00,,SO,Solothurn,11,47.304135,7.639388,544,544,0,3,,200.44,6.632,,0,18,,,,,,,,,,,,,8,0,https://corona.so.ch/index.php?id=27979,83.953407,
3807,2020-08-24 16:06:08,2020-08-05 23:00:00,,SO,Solothurn,11,47.304135,7.639388,545,545,0,3,,200.81,6.632,,0,18,,,,,,,,,,,,,1,0,https://corona.so.ch/index.php?id=27979,88.199882,
3834,2020-08-24 16:06:08,2020-08-06 23:00:00,,SO,Solothurn,11,47.304135,7.639388,548,548,-1,2,,201.92,6.632,,0,18,,,,,,,,,,,,,3,0,https://corona.so.ch/index.php?id=27979,84.583629,
3899,2020-08-24 16:06:08,2020-08-09 23:00:00,,SO,Solothurn,11,47.304135,7.639388,558,558,-1,1,,205.6,6.632,,0,18,,,,,,,,,,,,,10,0,https://corona.so.ch/index.php?id=27979,82.336742,
3925,2020-08-24 16:06:08,2020-08-10 23:00:00,,SO,Solothurn,11,47.304135,7.639388,563,563,1,2,,207.44,6.632,,0,18,,,,,,,,,,,,,5,0,https://corona.so.ch/index.php?id=27979,70.51995,
3951,2020-08-24 16:06:08,2020-08-11 23:00:00,,SO,Solothurn,11,47.304135,7.639388,573,573,-1,1,,211.13,6.632,,0,18,,,,,,,,,,,,,10,0,https://corona.so.ch/index.php?id=27979,66.730294,
3977,2020-08-24 16:06:08,2020-08-12 23:00:00,,SO,Solothurn,11,47.304135,7.639388,589,589,-1,0,,217.02,6.632,,0,18,,,,,,,,,,,,,16,0,https://corona.so.ch/index.php?id=27979,44.638312,
4004,2020-08-24 16:06:08,2020-08-13 23:00:00,,SO,Solothurn,11,47.304135,7.639388,598,598,0,0,,220.34,6.632,,0,18,,,,,,,,,,,,,9,0,https://corona.so.ch/index.php?id=27979,39.692119,
4064,2020-08-24 16:06:08,2020-08-16 23:00:00,,SO,Solothurn,11,47.304135,7.639388,613,613,3,3,,225.87,6.632,,0,18,,,,,,,,,,,,,15,0,https://corona.so.ch/index.php?id=27979,36.867188,
4091,2020-08-24 16:06:08,2020-08-17 23:00:00,,SO,Solothurn,11,47.304135,7.639388,625,625,0,3,,230.29,6.632,,0,18,,,,,,,,,,,,,12,0,https://corona.so.ch/index.php?id=27979,33.173819,
4118,2020-08-24 16:06:08,2020-08-18 23:00:00,,SO,Solothurn,11,47.304135,7.639388,635,635,-2,1,,233.97,6.632,,0,18,,,,,,,,,,,,,10,0,https://corona.so.ch/index.php?id=27979,33.733309,
4143,2020-08-24 16:06:08,2020-08-19 23:00:00,,SO,Solothurn,11,47.304135,7.639388,640,640,1,2,,235.81,6.632,,0,18,,,,,,,,,,,,,5,0,https://corona.so.ch/index.php?id=27979,41.734739,
4169,2020-08-24 16:06:08,2020-08-20 23:00:00,,SO,Solothurn,11,47.304135,7.639388,643,643,0,2,,236.92,6.632,,0,18,,,,,,,,,,,,,3,0,https://corona.so.ch/index.php?id=27979,47.767695,
4223,2020-08-24 16:06:08,2020-08-23 23:00:00,,SO,Solothurn,11,47.304135,7.639388,651,651,1,3,,239.87,6.632,,0,18,,,,,,,,,,,,,8,0,https://corona.so.ch/index.php?id=27979,57.623291,
