OBJECTID,NAME,PLZ,GPLZ,CANTON,CANTON_NR,BFSNR,CASES,SUBMISSIONS,FRACTION,POPULATION_AGGREGATED,SUBMISSIONS_PER_100K,CASES_PER_100K,Shape__Area,Shape__Length,Shape__Area_2,Shape__Length_2
1,Lausanne,1000,1000,VD,22,5586,0,2,0,3014,66.357,0,24439962.6513672,28430.2256180777,11557607.7307129,19544.9477844146
2,Lausanne,1003,1000,VD,22,5586,0,0,0,7230,0,0,1623471.23999023,8055.83970189205,768998.943603516,5546.76512555287
3,Lausanne,1004,1000,VD,22,5586,0,4,0,31050,12.88245,0,4855422.69604492,11908.0767584013,2299169.51708984,8194.34489943705
4,Lausanne,1005,1000,VD,22,5586,0,0,0,10047,0,0,3292204.84130859,13467.544452713,1559363.86010742,9268.89329578929
5,Lausanne,1006,1000,VD,22,5586,0,1,0,15749,6.34961,0,14198246.1176758,25763.370542067,6732097.16040039,17725.8109105145
6,Lausanne,1007,1000,VD,22,5586,0,0,0,24117,0,0,52542331.1352539,35496.0494488784,24917370.703125,24428.8733177008
7,Prilly,1008,1000,VD,22,5589,0,1,0,14023,7.13114,0,9039797.43798828,17503.6555922685,4278058.37597656,12035.3987043204
8,Pully,1009,1000,VD,22,5590,0,1,0,18327,5.45643,0,31337237.3684082,29597.3442943855,14861054.2504883,20363.5531661636
9,Lausanne,1010,1000,VD,22,5586,0,2,0,14670,13.63327,0,5293818.34838867,13044.8934941855,2505956.98193359,8975.95636262547
10,Lausanne,1011,1000,VD,22,5586,0,0,0,281,0,0,265568.194824219,2267.12109472574,125769.687255859,1560.32585921501
11,Lausanne,1012,1000,VD,22,5586,0,0,0,11332,0,0,4429319.46875,11185.1464877655,2097559.5,7696.90913041006
12,Lausanne,1015,1000,VD,22,5635,0,0,0,0,0,0,2679076.67138672,10816.8073082115,1269034.24707031,7443.54228478248
13,Lausanne,1018,1000,VD,22,5586,0,0,0,20588,0,0,7161302.234375,14870.5441899473,3389929.23852539,10227.3126937947
14,Renens VD 1 Distribution,1020,1020,VD,22,5591,0,0,0,20548,0,0,6201646.9206543,11839.9924709632,2935929.08691406,8146.29383127708
15,Chavannes-près-Renens,1022,1022,VD,22,5627,0,0,0,8231,0,0,3252103.61132813,10203.1502903929,1539984.21313477,7019.49804648743
16,Crissier 1,1023,1023,VD,22,5583,0,0,0,7530,0,0,11075019.7207031,16556.8797769868,5239005.12792969,11385.2182320068
17,Ecublens VD,1024,1024,VD,22,5635,0,2,0,13459,14.85995,0,10324015.3452148,21193.6635162389,4888726.05712891,14586.5588956574
18,St-Sulpice VD,1025,1025,VD,22,5648,0,0,0,4637,0,0,50082055.8044434,30044.2797029157,23752369.8728027,20680.7803480574
19,Echandens-Denges,1026,1026,VD,22,5633,0,0,0,4304,0,0,11599443.3659668,19317.5875113147,5491427.72167969,13288.7034211475
20,Lonay,1027,1027,VD,22,5638,0,1,0,2684,37.25782,0,7845952.93969727,13355.935359025,3715101.14575195,9189.8303077256
21,Préverenges,1028,1028,VD,22,5643,0,0,0,5217,0,0,20892012.5939941,25997.6647827092,9904715.16430664,17885.0460738388
22,Villars-Ste-Croix,1029,1029,VD,22,5651,0,0,0,963,0,0,3500910.28979492,9250.43714352234,1655419.48999023,6360.49637449975
23,Bussigny,1030,1030,VD,22,5624,0,0,0,8747,0,0,10182330.3322754,16598.9212927694,4817248.86108398,11417.2952865847
24,Mex VD,1031,1031,VD,22,5489,0,0,0,733,0,0,6059004.20385742,13254.9462996736,2864013.32348633,9112.74554177572
25,Romanel-sur-Lausanne,1032,1032,VD,22,5592,0,0,0,3595,0,0,12184100.9506836,19935.6196586996,5761618.32641602,13707.0434659533
26,Cheseaux-sur-Lausanne,1033,1033,VD,22,5582,0,0,0,4564,0,0,13571631.8764648,18465.0290041328,6413921.36010742,12692.2573651081
27,Boussens,1034,1034,VD,22,5473,0,0,0,970,0,0,6698830.97583008,11773.6140737155,3163393.89428711,8086.92393110397
28,Bournens,1035,1035,VD,22,5472,0,0,0,404,0,0,8249407.44042969,13657.9965630696,3894792.61376953,9385.72396850665
29,Sullens,1036,1036,VD,22,5501,0,0,0,1051,0,0,8252260.58666992,15615.879675086,3898690.24316406,10734.0380428113
30,Etagnières,1037,1037,VD,22,5521,0,0,0,1117,0,0,7994194.62207031,12310.5045751181,3775372.35571289,8461.06427277005
31,Bercher,1038,1038,VD,22,5512,0,0,0,1258,0,0,9027930.89404297,15208.4087423784,4249348.98291016,10428.84490992
32,St-Barthélemy VD,1040,1040,VD,22,5535,0,0,0,7765,0,0,37771070.1140137,45324.8445850098,17807956.416748,31116.6324033786
33,Poliez-le-Grand,1041,1041,VD,22,5540,0,0,0,3609,0,0,49078923.4802246,42465.8367679394,23152810.262207,29159.7335960179
34,Bioley-Orjulaz,1042,1042,VD,22,5513,0,0,0,2156,0,0,25862523.0080566,30970.1421854574,12205439.6418457,21279.0193451622
35,Sugnens,1043,1043,VD,22,5540,0,0,0,427,0,0,5676948.13891602,10236.2806154668,2675752.79394531,7029.1158202779
36,Fey,1044,1044,VD,22,5522,0,0,0,746,0,0,15607256.8706055,19077.0327503426,7351323.51611328,13092.0001841782
37,Ogens,1045,1045,VD,22,5680,0,0,0,318,0,0,7432329.51025391,13366.5905367674,3496043.93530273,9167.19806707489
38,Rueyres,1046,1046,VD,22,5534,0,0,0,255,0,0,4342478.56884766,10526.8691929092,2043517.5378418,7215.41487920471
39,Oppens,1047,1047,VD,22,5923,0,0,0,204,0,0,7645359.38842773,15261.2409576166,3595449.23925781,10462.9920787992
40,Le Mont-sur-Lausanne Dist,1052,1052,VD,22,5587,0,2,0,8277,24.16334,0,25399796.4040527,27330.6159468808,12012985.9614258,18791.5273802579
41,Bretigny-sur-Morrens,1053,1053,VD,22,5515,0,1,0,3764,26.56748,0,22818736.7929688,26856.1527166354,10781054.0302734,18455.8314323698
42,Morrens VD,1054,1054,VD,22,5527,0,0,0,1099,0,0,7632874.83544922,14574.0313224351,3605917.12133789,10012.3693374665
43,Froideville,1055,1055,VD,22,5523,0,0,0,2543,0,0,14898914.9240723,17910.0508525705,7036988.79663086,12307.3097827863
44,Villars-Tiercelin,1058,1058,VD,22,5804,0,0,0,489,0,0,10670797.5095215,17719.0910540737,5035972.19702148,12167.4753352353
45,Peney-le-Jorat,1059,1059,VD,22,5804,0,0,0,443,0,0,9495887.84399414,15432.3906587886,4479758.33764648,10595.0233004714
46,Villars-Mendraz,1061,1061,VD,22,5804,0,0,0,282,0,0,3269387.36328125,9456.68672196112,1541517.90209961,6492.23321441805
47,Sottens,1062,1062,VD,22,5804,0,0,0,345,0,0,9333405.36083984,15428.3037873074,4399319.21875,10595.942483401
48,Peyres-Possens,1063,1063,VD,22,5693,0,0,0,1128,0,0,23211904.8215332,28770.6342232601,10934198.4560547,19743.8024381569
49,Epalinges,1066,1066,VD,22,5584,0,0,0,9535,0,0,9682464.71459961,15758.1418165874,4581177.37841797,10838.8221827131
50,Les Monts-de-Pully,1068,1068,VD,22,5590,0,0,0,134,0,0,4629372.65917969,10712.5238745328,2191666.24291992,7371.03775807861
51,Puidoux,1070,1070,VD,22,5607,0,0,0,3064,0,0,67746582.0612793,58092.9702444769,32120207.5559082,39987.0437543041
52,Chexbres,1071,1071,VD,22,5601,0,0,0,2948,0,0,28369046.8413086,29950.2689643289,13466284.5449219,20623.2701081227
53,Forel (Lavaux),1072,1072,VD,22,5604,0,0,0,2203,0,0,38848823.9702148,33853.460626939,18389670.6687012,23291.8297826376
54,Savigny,1073,1073,VD,22,5611,0,0,0,3453,0,0,33822428.7180176,28668.2475699965,16003943.7451172,19717.4630807422
55,Ferlens VD,1076,1076,VD,22,5806,0,0,0,362,0,0,4621825.00146484,11465.7477512738,2183707.02197266,7879.99705892259
56,Servion,1077,1077,VD,22,5799,0,0,0,1213,0,0,8626591.86425781,14099.2549887703,4078134.55151367,9693.6774616389
57,Essertes,1078,1078,VD,22,5788,0,0,0,325,0,0,3538625.48291016,9614.2022800842,1673426.62695313,6611.44433912687
58,Les Cullayes,1080,1080,VD,22,5799,0,0,0,791,0,0,4755163.0546875,8855.95965590815,2248036.84643555,6088.91426655723
59,Montpreveyres,1081,1081,VD,22,5792,0,0,0,663,0,0,8654961.24243164,18395.0451628747,4090424.88623047,12644.6516532552
60,Corcelles-le-Jorat,1082,1082,VD,22,5785,0,1,0,454,220.26432,0,16897309.125,20875.2146562226,7979956.53125,14339.8112328371
61,Mézières VD,1083,1083,VD,22,5806,0,0,0,1303,0,0,7400609.56542969,13408.0316436428,3496857.62744141,9214.14925507889
62,Carrouge VD,1084,1084,VD,22,5806,0,0,0,1245,0,0,11565392.480957,21856.2422703739,5461640.31787109,15017.095300426
63,Vulliens,1085,1085,VD,22,5803,0,0,0,591,0,0,13961669.1606445,21942.3118855695,6588378.4777832,15062.3241668747
64,Ropraz,1088,1088,VD,22,5798,0,0,0,499,0,0,10150976.65625,19167.8901692188,4792227.10620117,13162.9221297482
65,La Croix (Lutry),1090,1090,VD,22,5606,0,0,0,1340,0,0,9518770.53393555,15516.0197768757,4508607.99023438,10678.4495190417
66,Grandvaux,1091,1091,VD,22,5613,0,1,0,3071,32.56268,0,11988251.6179199,16481.9311935297,5681780.30688477,11342.1776955019
67,Belmont-sur-Lausanne,1092,1092,VD,22,5581,0,0,0,3646,0,0,5582916.37133789,13425.7704191732,2643882.52416992,9239.62898662755
68,La Conversion,1093,1093,VD,22,5606,0,0,0,2705,0,0,2077683.82128906,7598.2884372705,984375.876953125,5232.94652054735
69,Paudex,1094,1094,VD,22,5588,0,1,0,1658,60.31363,0,8168965.58642578,20601.3688704599,3874789.50317383,14169.5827957814
70,Lutry,1095,1095,VD,22,5606,0,0,0,6165,0,0,23775677.6977539,24291.1279098895,11275168.6442871,16713.619974246
71,Cully,1096,1096,VD,22,5613,0,0,0,1860,0,0,41444991.576416,29421.66628788,19666728.1257324,20261.1096455057
72,Riex,1097,1097,VD,22,5613,0,0,0,272,0,0,2833576.79272461,8311.8856302236,1343163.43847656,5718.69212807918
73,Epesses,1098,1098,VD,22,5613,0,0,0,316,0,0,3381043.20532227,11324.5393915537,1602918.19091797,7793.94097734494
74,Morges 1,1110,1110,VD,22,5642,0,0,0,15976,0,0,29272938.2685547,29650.7428689331,13878493.0300293,20402.7994738028
75,Echichens,1112,1112,VD,22,5634,0,0,0,1385,0,0,5464342.27294922,12428.8104537254,2587355.74145508,8552.33755404373
76,St-Saphorin-sur-Morges,1113,1113,VD,22,5634,0,0,0,598,0,0,8001561.45019531,13553.2188807547,3786517.65844727,9321.41137506413
77,Colombier VD,1114,1114,VD,22,5634,0,0,0,576,0,0,11083822.2348633,15021.1120175034,5243381.4152832,10331.4802841437
78,Vullierens,1115,1115,VD,22,5654,0,0,0,510,0,0,14569771.4396973,18939.4205304149,6887837.63549805,13020.0308948724
79,Cottens VD,1116,1116,VD,22,5478,0,0,0,491,0,0,4980548.73876953,13327.4141516474,2354469.38964844,9159.6149101185
80,Grancy,1117,1117,VD,22,5485,0,0,0,411,0,0,12190685.1984863,16019.4601061929,5758836.70849609,11009.0158175096
81,Bremblens,1121,1121,VD,22,5622,0,0,0,554,0,0,6002421.95898438,12696.8737205303,2840258.19848633,8733.5353146761
82,Romanel-sur-Morges,1122,1122,VD,22,5645,0,0,0,457,0,0,3740393.38427734,11122.2086359209,1769376.56835938,7650.20264951799
83,Aclens,1123,1123,VD,22,5621,0,0,0,541,0,0,8086832.02368164,15191.5553367528,3823765.39379883,10445.7954183044
84,Gollion,1124,1124,VD,22,5484,0,0,0,937,0,0,11544372.6831055,16731.3010859174,5455066.13476563,11499.9572400503
85,Monnaz,1125,1125,VD,22,5634,0,0,0,390,0,0,3472710.22900391,9864.70745757855,1644172.80664063,6784.30305601734
86,Vaux-sur-Morges,1126,1126,VD,22,5650,0,0,0,194,0,0,4427481.05200195,10471.9900920413,2095778.91699219,7204.94289921542
87,Clarmont,1127,1127,VD,22,5629,0,0,0,167,0,0,2235447.50048828,8021.24346800645,1057761.94555664,5514.18937528601
88,Reverolle,1128,1128,VD,22,5644,0,0,0,440,0,0,2507178.07592773,8847.12717077994,1186653.61474609,6084.89044138196
89,Tolochenaz,1131,1131,VD,22,5649,0,0,0,1892,0,0,11773948.0898438,22319.8121243813,5584532.21484375,15361.7476146198
90,Lully VD,1132,1132,VD,22,5639,0,0,0,788,0,0,3401257.1706543,8670.60332335846,1611933.03637695,5969.11559891763
91,Vufflens-le-Château,1134,1134,VD,22,5653,0,0,0,1196,0,0,6319388.32128906,13883.9468422849,2993027.75439453,9554.2352211334
92,Denens,1135,1135,VD,22,5631,0,0,0,758,0,0,6967802.36108398,11667.1284590802,3300835.89086914,8033.25688507589
93,Bussy-Chardonney,1136,1136,VD,22,5625,0,0,0,384,0,0,6565256.06347656,12418.4630760541,3108574.93994141,8546.99938208615
94,Sévery,1141,1141,VD,22,5500,0,0,0,235,0,0,5075182.92700195,12027.2507675676,2399545.48681641,8265.65028640638
95,Pampigny,1142,1142,VD,22,5494,0,0,0,1127,0,0,23399864.3039551,23337.0090973354,11057049.4682617,16039.9782850042
96,Apples,1143,1143,VD,22,5421,0,0,0,1473,0,0,27032050.0483398,26723.6909333129,12788072.4277344,18379.0547469933
97,Ballens,1144,1144,VD,22,5423,0,0,0,556,0,0,18098731.0202637,22521.0440450301,8562419.67089844,15489.0158974842
98,Bière,1145,1145,VD,22,5425,0,0,0,1609,0,0,54011913.5112305,38866.3607136743,25558701.4746094,26742.4219268763
99,Mollens VD,1146,1146,VD,22,5431,0,0,0,297,0,0,23138193.3171387,23524.1125336056,10936564.6433105,16182.4979302544
100,Montricher,1147,1147,VD,22,5492,0,1,0,965,103.62694,0,55334473.0026855,35893.8832814248,26130906.7612305,24680.7542849139
101,L'Isle,1148,1148,VD,22,5486,0,0,0,2668,0,0,121410621.278564,65406.5026500075,57253134.6494141,44920.7939101609
102,Berolle,1149,1149,VD,22,5424,0,0,0,323,0,0,20406694.6479492,23379.7369784249,9649066.94604492,16081.7992047745
103,St-Prex Distribution,1162,1162,VD,22,5646,0,2,0,5789,34.54828,0,54092818.121582,33499.5108701827,25670835.484375,23074.0081730646
104,Etoy,1163,1163,VD,22,5636,0,0,0,2560,0,0,10320221.1176758,16245.2111093214,4894957.71728516,11189.3891034806
105,Buchillon,1164,1164,VD,22,5623,0,0,0,1012,0,0,44264336.697998,28136.3821944367,21022738.4086914,19386.7219714271
106,Allaman,1165,1165,VD,22,5851,0,0,0,479,0,0,24513071.2907715,29543.0937678556,11644983.6899414,20350.3437330595
107,Perroy,1166,1166,VD,22,5860,0,0,0,1515,0,0,33525497.6506348,30958.2637030512,15925640.1086426,21318.2730703219
108,Lussy-sur-Morges,1167,1167,VD,22,5640,0,0,0,685,0,0,4974692.58398438,9391.24305511958,2358065.03588867,6466.39593366597
109,Villars-sous-Yens,1168,1168,VD,22,5652,0,0,0,625,0,0,6394796.58203125,13828.7360739045,3030559.49365234,9518.58539221509
110,Yens,1169,1169,VD,22,5655,0,1,0,1442,69.34813,0,20111319.6418457,23321.9976447553,9523906.46118164,16051.8645262908
111,Aubonne,1170,1170,VD,22,5422,0,0,0,3328,0,0,15560742.5754395,22580.9153082263,7378667.63696289,15548.2999678141
112,Bougy-Villars,1172,1172,VD,22,5426,0,0,0,549,0,0,4034940.74267578,12064.7673042436,1913834.10571289,8308.05015734538
113,Féchy,1173,1173,VD,22,5427,0,0,0,848,0,0,5633209.27612305,11597.2296031429,2672379.80419922,7985.32848212047
114,Montherod,1174,1174,VD,22,5432,0,0,0,513,0,0,15222125.8974609,19369.5179271077,7215292.80151367,13336.5995368957
115,Lavigny,1175,1175,VD,22,5637,0,0,0,1003,0,0,7871284.24658203,12678.8713399984,3731014.54223633,8729.23568077683
116,St-Livres,1176,1176,VD,22,5435,0,0,0,645,0,0,16026328.3566895,20778.9941008888,7592053.43676758,14302.4446469669
117,Rolle Distribution,1180,1180,VD,22,5861,0,0,0,7178,0,0,34520273.6186523,35913.2691470388,16397697.3745117,24739.4747179267
118,Gilly,1182,1182,VD,22,5857,0,1,0,1206,82.91874,0,13438596.4958496,18437.9545553069,6378919.6496582,12701.8216867028
119,Bursins,1183,1183,VD,22,5853,0,1,0,800,125,0,4920983.56030273,12417.6474582177,2337171.02734375,8553.95684432857
120,Luins,1184,1184,VD,22,5858,0,0,0,970,0,0,7341896.50463867,14424.7824900341,3487592.53710938,9936.72665580831
121,Mont-sur-Rolle,1185,1185,VD,22,5859,0,0,0,2309,0,0,8099864.59985352,16068.3363866087,3843048.89233398,11065.0543381237
122,Essertines-sur-Rolle,1186,1186,VD,22,5856,0,0,0,551,0,0,13780444.4130859,21638.6201758404,6535933.71875,14906.0199763057
123,St-Oyens,1187,1187,VD,22,5436,0,0,0,425,0,0,6446353.40380859,13531.419447076,3056342.71044922,9319.8524369508
124,Gimel,1188,1188,VD,22,5428,0,0,0,3247,0,0,65671798.5065918,40348.1367869493,31101770.8564453,27769.7610038904
125,Saubraz,1189,1189,VD,22,5437,0,0,0,420,0,0,7752912.5859375,14876.7016148059,3672583.62011719,10239.2212282847
126,Dully,1195,1195,VD,22,5855,0,0,0,1143,0,0,28635076.2331543,28036.2800157497,13612378.7211914,19327.5137350426
127,Gland Distribution,1196,1196,VD,22,5721,0,1,0,13038,7.66989,0,36232414.7575684,28202.7336564848,17231805.0495605,19447.9086666069
128,Prangins,1197,1197,VD,22,5725,0,1,0,4053,24.67308,0,24346921.6037598,22530.0299662042,11586897.1318359,15540.8333737211
129,Genève,1201,1200,GE,25,6621,0,1,0,21954,4.55498,0,3683713.70410156,10051.2444066436,1764831.49853516,6959.00659893981
130,Genève,1202,1200,GE,25,6621,0,1,0,31340,3.19081,0,9278114.17749023,20912.3518913708,4443414.34106445,14473.5963966878
131,Genève,1203,1200,GE,25,6621,0,1,0,35483,2.81825,0,4262852.77612305,8505.9650411449,2042523.60864258,5889.32729182096
132,Genève,1204,1200,GE,25,6621,0,1,0,5065,19.74334,0,1970886.27001953,6898.29922607057,944516.173095703,4776.59277185081
133,Genève,1205,1200,GE,25,6621,0,1,0,35572,2.8112,0,3734655.14746094,11499.2786987523,1790184.42651367,7962.11013171129
134,Genève,1206,1200,GE,25,6621,0,1,0,21489,4.65354,0,3853315.41333008,10807.5059405887,1847521.73486328,7479.42007013362
135,Genève,1207,1200,GE,25,6621,1,1,1,17956,5.56917,5.56917,3902274.71313477,9150.37484049695,1869837.48242188,6335.5698942623
136,Genève,1208,1200,GE,25,6621,0,1,0,13852,7.21917,0,2389655.51879883,8720.60072905474,1145374.59204102,6037.32090006897
137,Genève,1209,1200,GE,25,6621,0,0,0,9346,0,0,2306171.88208008,8623.92650521827,1104430.53979492,5969.80131330846
138,Grand-Lancy,1212,1212,GE,25,6628,0,0,0,15601,0,0,5426678.38818359,16585.3921809854,2602995.31494141,11486.8506693142
139,Petit-Lancy 1,1213,1213,GE,25,6628,0,0,0,34593,0,0,11462063.9807129,16298.9091561489,5495637.74487305,11287.2216002036
140,Vernier,1214,1214,GE,25,6643,0,0,0,8421,0,0,10235943.0908203,17681.6176767604,4903399.89257813,12242.6820793646
141,Genève ICC OLS,1215,1217,GE,25,6630,0,0,0,12,0,0,5694593.48828125,13738.6662543246,2725898.93701172,9503.9119830085
142,Cointrin,1216,1216,GE,25,6630,0,0,0,2544,0,0,1576078.78173828,7174.88144177714,754718.729736328,4965.9597161172
143,Meyrin,1217,1217,GE,25,6630,0,0,0,23125,0,0,16226243.8549805,17678.7479739627,7767229.18066406,12233.2372230954
144,Le Grand-Saconnex,1218,1218,GE,25,6623,0,0,0,11846,0,0,6146610.93676758,11769.8449201318,2942302.46313477,8141.72079047848
145,Le Lignon Distribution,1219,1219,GE,25,6643,0,2,0,20338,9.83381,0,7881614.19067383,13139.4241151927,3776584.8059082,9093.63744501594
146,Les Avanchets,1220,1220,GE,25,6643,0,1,0,5402,18.51166,0,446112.735595703,2656.96637002383,213651.643066406,1839.45507986405
147,Vésenaz,1222,1222,GE,25,6616,0,0,0,5319,0,0,10958005.498291,20550.3567656965,5243234.40698242,14215.9222763572
148,Cologny,1223,1223,GE,25,6617,0,0,0,5286,0,0,15497759.4875488,20026.393007621,7421600.03735352,13857.0782929154
149,Chêne-Bougeries,1224,1224,GE,25,6612,0,3,0,10331,29.03882,0,4942888.57250977,11159.6152464399,2369067.57177734,7725.85952558517
150,Chêne-Bourg Distribution,1225,1225,GE,25,6613,0,0,0,8480,0,0,2613118.25244141,9240.31466041504,1252540.75927734,6395.04555492953
151,Thônex,1226,1226,GE,25,6640,0,0,0,13959,0,0,8039805.48681641,17829.6123963098,3853896.97167969,12343.2283010708
152,Carouge GE,1227,1227,GE,25,6608,0,0,0,27170,0,0,7440027.22558594,14848.0289447115,3567892.39819336,10277.8304712964
153,Plan-les-Ouates,1228,1228,GE,25,6633,0,0,0,11436,0,0,11537377.8754883,18106.1659737715,5536826.17895508,12545.3665826574
154,Conches,1231,1231,GE,25,6612,0,0,0,2640,0,0,3743488.24804688,8441.67034441861,1795112.50537109,5844.28460622081
155,Confignon,1232,1232,GE,25,6618,0,0,0,4668,0,0,5631239.40600586,14681.6207218371,2701489.69238281,10166.1163712184
156,Bernex,1233,1233,GE,25,6607,0,1,0,10512,9.51294,0,26839655.8422852,33783.9554832251,12873770.4550781,23392.9648582205
157,Vessy,1234,1234,GE,25,6645,0,1,0,5594,17.8763,0,7602097.07788086,13982.81741084,3646982.98388672,9682.95002597992
158,Cartigny,1236,1236,GE,25,6609,0,0,0,1011,0,0,9564414.20629883,15368.3540850364,4588051.07373047,10645.4448800881
159,Avully,1237,1237,GE,25,6603,0,0,0,1731,0,0,9475194.68798828,15290.4023550007,4546690.42797852,10592.0244142037
160,Collex,1239,1239,GE,25,6615,0,0,0,1563,0,0,13726701.8850098,19216.9741763983,6559740.95629883,13285.0765256363
161,Puplinge,1241,1241,GE,25,6636,0,0,0,2434,0,0,5755069.64086914,11348.0145893156,2757206.33740234,7855.62173692263
162,Satigny,1242,1242,GE,25,6638,0,0,0,4117,0,0,37230938.7331543,32281.7185383641,17834673.4277344,22349.7123242313
163,Presinge,1243,1243,GE,25,6635,0,0,0,740,0,0,9801742.69287109,18401.6335093119,4694623.34594727,12741.3124519221
164,Choulex,1244,1244,GE,25,6614,0,0,0,1133,0,0,8110267.65307617,17341.379114568,3883332.30859375,11999.5027997912
165,Collonge-Bellerive,1245,1245,GE,25,6616,0,0,0,2898,0,0,11446394.1103516,15951.0713200961,5474275.65966797,11031.6750863804
166,Corsier GE,1246,1246,GE,25,6619,0,0,0,2098,0,0,8948689.89355469,17589.7490140655,4278605.54907227,12167.8607820988
167,Anières,1247,1247,GE,25,6602,0,0,0,2335,0,0,18317764.4216309,19907.4688406264,8753493.64135742,13763.3653369368
168,Hermance,1248,1248,GE,25,6625,0,0,0,1042,0,0,10362684.2995605,14550.5425469148,4948741.52246094,10058.481749664
169,Gy,1251,1251,GE,25,6624,0,0,0,450,0,0,6738819.16870117,21872.826023832,3223665.63305664,15128.9859659561
170,Meinier,1252,1252,GE,25,6629,0,0,0,2139,0,0,14542151.1767578,21446.5103386948,6958791.93701172,14836.3931517723
171,Vandoeuvres,1253,1253,GE,25,6642,0,0,0,2387,0,0,9273611.27661133,12955.256259108,4441623.65283203,8964.44405932355
172,Jussy,1254,1254,GE,25,6626,0,0,0,1274,0,0,23803331.7546387,26417.1923358919,11392864.4816895,18277.0822170577
173,Veyrier,1255,1255,GE,25,6645,0,2,0,5850,34.18803,0,6052034.41674805,10788.392275923,2903959.13183594,7472.58990216148
174,Troinex,1256,1256,GE,25,6641,0,2,0,3074,65.06181,0,7148459.72338867,13597.8095982212,3431172.76831055,9424.21816172212
175,La Croix-de-Rozon,1257,1257,GE,25,6605,0,0,0,2301,0,0,10358930.1286621,19960.2991175767,4974120.91210938,13835.3856654389
176,Perly,1258,1258,GE,25,6632,0,0,0,3072,0,0,5930372.12988281,12208.5947625008,2846696.56396484,8457.88446917793
177,Nyon,1260,1260,VD,22,5724,0,0,0,20947,0,0,24023298.9274902,26948.5368958956,11437965.744873,18598.3292703129
178,Marchissy,1261,1261,VD,22,5430,0,0,0,2265,0,0,51827636.2922363,37422.2560754428,24569818.4609375,25761.3554548838
179,Eysins,1262,1262,VD,22,5716,0,1,0,1880,53.19149,0,5234248.82543945,14774.6623926142,2492040.99975586,10194.4900139849
180,Crassier,1263,1263,VD,22,5714,0,0,0,1229,0,0,4256242.90063477,12390.3243033213,2026809.61450195,8548.80339979278
181,St-Cergue,1264,1264,VD,22,5727,0,0,0,2370,0,0,40718149.2443848,34846.5708442057,19336343.579834,24020.8377603443
182,La Cure,1265,1265,VD,22,5727,0,0,0,201,0,0,17211102.6699219,20923.4440473542,8170401.85717773,14414.0030195624
183,Duillier,1266,1266,VD,22,5715,0,0,0,1097,0,0,8611001.60498047,15876.7090421956,4095503.02856445,10951.2077981145
184,Vich,1267,1267,VD,22,5732,0,0,0,1621,0,0,9296042.93652344,19572.8225789016,4418778.30639648,13492.1624588196
185,Burtigny,1268,1268,VD,22,5854,0,2,0,2409,83.022,0,24858081.2958984,28682.0299660386,11800746.4265137,19753.2450991636
186,Bassins,1269,1269,VD,22,5703,0,0,0,1362,0,0,43672970.3825684,40451.1130287292,20710267.0400391,27853.3737026155
187,Trélex,1270,1270,VD,22,5730,0,0,0,1429,0,0,12190766.2380371,17651.7994586479,5796057.11474609,12171.4133347028
188,Givrins,1271,1271,VD,22,5720,0,0,0,1034,0,0,8365779.08496094,18111.7533962567,3975399.80273438,12488.1457978839
189,Genolier,1272,1272,VD,22,5718,0,1,0,1960,51.02041,0,10190416.552002,16541.9581198278,4841936.25073242,11403.1776000316
190,Arzier-Le Muids,1273,1273,VD,22,5702,0,0,0,2728,0,0,101893535.390137,66765.9001623509,48321960.1384277,45982.2089416727
191,Signy-Centre,1274,1274,VD,22,5728,0,0,0,1024,0,0,9317286.51196289,17005.6760365382,4433798.51025391,11730.7013946053
192,Chéserex,1275,1275,VD,22,5709,0,0,0,1274,0,0,22216261.685791,29827.6813154212,10565704.1633301,20572.2776679693
193,Gingins,1276,1276,VD,22,5719,0,0,0,1205,0,0,27327521.140625,37726.3454901296,12989293.1733398,26017.4441147312
194,Borex,1277,1277,VD,22,5706,0,0,0,1305,0,0,8503904.71362305,16607.7830250631,4049379.69946289,11459.3617625163
195,La Rippe,1278,1278,VD,22,5726,0,0,0,1175,0,0,34757275.7045898,35458.1766841836,16532236.0766602,24458.8410552543
196,Chavannes-de-Bogis OLS,1279,1279,VD,22,5707,0,0,0,2154,0,0,11164814.5610352,23199.3394680808,5322415.8034668,16016.3343417164
197,Russin,1281,1281,GE,25,6637,0,0,0,553,0,0,10297186.5847168,17042.1836262436,4936327.98144531,11797.1781055717
198,Dardagny,1283,1283,GE,25,6620,0,0,0,1866,0,0,17791954.9821777,24303.0739084029,8527743.46972656,16824.5769977676
199,Chancy,1284,1284,GE,25,6611,0,0,0,1696,0,0,11037157.0666504,19615.9946333726,5300112.25585938,13590.8146300004
200,Athenaz (Avusy),1285,1285,GE,25,6604,0,0,0,1436,0,0,10870174.9746094,17279.7786818345,5219503.06445313,11978.4521609307
201,Soral,1286,1286,GE,25,6639,0,0,0,854,0,0,6196033.16796875,16932.1465730774,2975279.38696289,11734.4943378074
202,Laconnex,1287,1287,GE,25,6627,0,0,0,701,0,0,8031967.59326172,12839.1209392793,3855402.58227539,8895.88324974686
203,Aire-la-Ville,1288,1288,GE,25,6601,0,0,0,1175,0,0,6034690.66308594,11360.7107209078,2893357.02636719,7868.8726236437
204,Versoix,1290,1290,GE,25,6644,0,1,0,14256,7.01459,0,36868998.2001953,35483.0393603819,17611951.6716309,24524.4589589367
205,Commugny,1291,1291,VD,22,5711,0,0,0,3098,0,0,13666283.4794922,19950.5898297313,6520363.62133789,13782.6400098514
206,Chambésy,1292,1292,GE,25,6634,0,0,0,3807,0,0,12929413.3444824,17973.4588611176,6188338.12573242,12436.6396472266
207,Bellevue,1293,1293,GE,25,6606,0,0,0,3695,0,0,13066614.0556641,21180.828291439,6250097.09594727,14652.5059397708
208,Genthod,1294,1294,GE,25,6622,0,0,0,2447,0,0,11138300.0913086,15111.0566132551,5326012.79833984,10452.4227198184
209,Mies,1295,1295,VD,22,5723,0,0,0,3841,0,0,21643668.0063477,21304.0806478444,10334385.6567383,14726.4120388348
210,Coppet,1296,1296,VD,22,5712,0,0,0,2843,0,0,12164968.4094238,16375.2036080893,5805560.19360352,11316.687874898
211,Founex,1297,1297,VD,22,5717,0,0,0,3734,0,0,17075065.84375,21432.7968202469,8143840.22265625,14806.5129996379
212,Céligny,1298,1298,GE,25,6610,0,0,0,892,0,0,17909856.3950195,27985.7734549364,8537643.23730469,19327.8635138735
213,Crans-près-Céligny,1299,1299,VD,22,5713,0,0,0,2143,0,0,18515909.1037598,22120.4376038713,8822258.71484375,15274.1518541105
214,Vufflens-la-Ville,1302,1302,VD,22,5503,0,0,0,1302,0,0,11327702.5786133,16232.7391521637,5354768.56542969,11156.7463705268
215,Penthaz,1303,1303,VD,22,5496,0,0,0,1745,0,0,8190800.59082031,14698.9078747625,3868573.7487793,10100.5225873181
216,Cossonay-Ville,1304,1304,VD,22,5477,0,0,0,4608,0,0,32424114.6445313,34875.5433790433,15305779.3745117,23957.8338504047
217,Penthalaz,1305,1305,VD,22,5495,0,0,0,3317,0,0,8169300.52270508,13713.9392254581,3856425.37939453,9420.33698004555
218,Daillens,1306,1306,VD,22,5480,0,0,0,1016,0,0,11864246.0969238,19547.3694087957,5597411.62231445,13425.5071305293
219,Lussery-Villars,1307,1307,VD,22,5487,0,0,0,465,0,0,7763597.70629883,14202.1878021309,3662215.65673828,9754.2107480002
220,La Chaux (Cossonay),1308,1308,VD,22,5474,0,0,0,413,0,0,14097661.4262695,21292.0933847502,6652603.13696289,14622.6290537509
221,Eclépens,1312,1312,VD,22,5482,0,0,0,1224,0,0,12528311.697998,18432.408586387,5905680.66259766,12656.7601303135
222,Ferreyres,1313,1313,VD,22,5483,0,0,0,329,0,0,6600754.89990234,14445.0020150449,3110529.12573242,9918.11004022198
223,La Sarraz,1315,1315,VD,22,5498,0,0,0,2576,0,0,16424265.7248535,28773.9988180482,7741344.19213867,19758.8874743688
224,Chevilly,1316,1316,VD,22,5476,0,0,0,324,0,0,8507898.47900391,14320.7587589011,4011746.07885742,9833.2814989762
225,Orny,1317,1317,VD,22,5493,0,0,0,362,0,0,10974916.7751465,15960.7779080648,5169804.09667969,10955.0565338587
226,Pompaples,1318,1318,VD,22,5497,0,0,0,842,0,0,9327542.22827148,20645.5197438167,4392775.96166992,14167.4411395546
227,Arnex-sur-Orbe,1321,1321,VD,22,5743,0,0,0,641,0,0,16093126.2485352,23872.4301473696,7575361.32397461,16378.7897313586
228,Croy,1322,1322,VD,22,5752,0,0,0,442,0,0,8815719.35205078,13922.261273403,4150338.68994141,9551.61973936631
229,Romainmôtier,1323,1323,VD,22,5761,0,0,0,509,0,0,15236310.9321289,32443.4443796982,7172822.24316406,22265.696767882
230,Premier,1324,1324,VD,22,5759,0,0,0,214,0,0,13065583.9245605,20923.657058814,6145888.31054688,14354.4369469118
231,Vaulion,1325,1325,VD,22,5765,0,0,0,491,0,0,29412918.6264648,31500.9951289829,13847886.0725098,21618.0323305225
232,Juriens,1326,1326,VD,22,5754,0,0,0,312,0,0,19999758.0263672,29795.0550765196,9416685.28881836,20448.3059989241
233,Bretonnières,1329,1329,VD,22,5748,0,0,0,268,0,0,11599202.1679688,18257.7064753769,5454744.51782227,12518.9764996217
234,Vallorbe,1337,1337,VD,22,5764,0,0,0,3879,0,0,49410312.4350586,38208.9869314554,23242856.5046387,26220.2114251424
235,Ballaigues,1338,1338,VD,22,5744,0,0,0,1072,0,0,19272299.0334473,18224.0375858927,9056799.24316406,12493.3300908516
236,L'Orient,1341,1341,VD,22,5872,0,0,0,746,0,0,29958208.0803223,26780.1777731136,14153452.2275391,18408.9947901006
237,Le Pont,1342,1342,VD,22,5871,0,0,0,486,0,0,13345398.9311523,17637.1516440408,6287060.22143555,12100.976858903
238,Les Charbonnières,1343,1343,VD,22,5873,0,0,0,343,0,0,30413415.732666,23790.4507573818,14322507.9560547,16330.5097771043
239,L'Abbaye,1344,1344,VD,22,5871,0,0,0,379,0,0,21961311.5617676,21235.6076160194,10356472.8935547,14579.4769533047
240,Le Séchey,1345,1345,VD,22,5873,0,0,0,581,0,0,45664516.6508789,29130.2496290161,21527149.833252,20004.9975073821
241,Les Bioux,1346,1346,VD,22,5871,0,0,0,640,0,0,41627531.6364746,28531.1600712618,19648749.3200684,19603.0121948498
242,Le Solliat,1347,1347,VD,22,5872,0,0,0,2520,0,0,40894722.8457031,30775.4367809651,19301469.4123535,21144.0193905809
243,Le Brassus,1348,1348,VD,22,5872,0,0,0,1391,0,0,141346447.483643,53967.5652599261,66832270.6420898,37115.3157505764
244,Orbe Distribution,1350,1350,VD,22,5757,0,0,0,6904,0,0,25547633.3276367,27887.5491680373,12009334.7114258,19113.9030093581
245,Agiez,1352,1352,VD,22,5742,0,0,0,353,0,0,11631424.0505371,17084.5615819042,5469431.85375977,11717.2080028385
246,Bofflens,1353,1353,VD,22,5747,0,0,0,199,0,0,9040214.65942383,17327.0120585596,4253264.12841797,11883.5383604874
247,Montcherand,1354,1354,VD,22,5756,0,0,0,497,0,0,6573165.02783203,11633.2155407615,3089094.18334961,7976.66435824264
248,Sergey,1355,1355,VD,22,5762,0,0,0,393,0,0,11198580.7424316,16200.7011715937,5259015.02563477,11104.0189559435
249,La Russille,1356,1356,VD,22,5750,0,0,0,190,0,0,14871185.7370605,23885.2919348015,6989021.46826172,16379.1348169232
250,Lignerolle,1357,1357,VD,22,5755,0,0,0,435,0,0,27165123.9157715,26305.1561240721,12758908.3891602,18026.7207558659
251,Valeyres-sous-Rances,1358,1358,VD,22,5763,0,0,0,624,0,0,13654329.7966309,26207.8142213157,6413563.4206543,17965.6636755285
252,Bavois,1372,1372,VD,22,5746,0,0,0,964,0,0,20581619.5700684,21379.6267479704,9692031.94897461,14666.227935855
253,Chavornay,1373,1373,VD,22,5749,0,0,0,4445,0,0,21677367.4912109,27273.318965477,10198320.0605469,18704.3394627367
254,Corcelles-sur-Chavornay,1374,1374,VD,22,5749,0,0,0,369,0,0,11742793.994873,22210.0513731645,5524967.60205078,15234.704722418
255,Penthéréaz,1375,1375,VD,22,5531,0,0,0,422,0,0,12081279.4182129,16366.786003588,5688385.52441406,11229.9693157521
256,Goumoens-la-Ville,1376,1376,VD,22,5541,0,0,0,1128,0,0,22759758.4282227,26974.0687799436,10725766.1494141,18513.1931137236
257,Oulens-sous-Echallens,1377,1377,VD,22,5529,0,0,0,618,0,0,12379538.9597168,17572.1457881456,5836616.56689453,12063.8159551948
258,Yverdon-les-Bains,1400,1400,VD,22,5938,0,2,0,30641,6.5272,0,57321504.9616699,40992.0096423876,26886219.8457031,28079.1240436917
259,Cuarny,1404,1404,VD,22,5911,0,0,0,354,0,0,11330818.4814453,18994.4717241888,5317338.16845703,13013.7075297718
260,Pomy,1405,1405,VD,22,5926,0,0,0,770,0,0,12035173.5668945,17769.9974930291,5650912.54980469,12175.8198052367
261,Cronay,1406,1406,VD,22,5910,0,0,0,396,0,0,13933155.9992676,19924.7927447458,6542405.87451172,13651.844867687
262,Mézery-près-Donneloye,1407,1407,VD,22,5913,0,0,0,913,0,0,23041683.6867676,31070.5009076825,10825666.0561523,21295.685527695
263,Prahins,1408,1408,VD,22,5913,0,0,0,130,0,0,5030492.70019531,11052.4603952341,2363895.87963867,7574.59481589039
264,Chanéaz,1409,1409,VD,22,5693,0,0,0,113,0,0,2969606.00488281,10700.32105586,1395909.08740234,7334.91109426257
265,Correvon,1410,1410,VD,22,5693,0,1,0,1779,56.21135,0,48634752.715332,45926.4561620379,22879763.5737305,31498.3094694592
266,Valeyres-sous-Ursins,1412,1412,VD,22,5934,0,0,0,463,0,0,12879043.4433594,17018.8029133279,6051418.09936523,11660.4975505162
267,Orzens,1413,1413,VD,22,5925,0,0,0,211,0,0,8876114.8046875,14902.8410448921,4172551.39648438,10216.7162579956
268,Démoret,1415,1415,VD,22,5912,0,0,0,387,0,0,20920610.9829102,22680.8408379028,9823597.15112305,15540.9143376917
269,Pailly,1416,1416,VD,22,5530,0,0,0,569,0,0,12261113.5551758,13738.4103299951,5769464.58325195,9422.72267629406
270,Epautheyres,1417,1417,VD,22,5520,0,0,0,1029,0,0,20716661.7543945,24390.1323545374,9741785.1081543,16718.6198286747
271,Vuarrens,1418,1418,VD,22,5539,0,0,0,1011,0,0,18980883.885498,20766.2098931243,8936061.53686523,14245.0100143014
272,Fiez,1420,1420,VD,22,5556,0,0,0,443,0,0,5013520.07519531,9714.07436120429,2348030.98095703,6651.63045134094
273,Grandevent,1421,1421,VD,22,5560,0,2,0,464,431.03448,0,10781141.810791,18346.8291568844,5047095.21411133,12554.5957134152
274,Grandson,1422,1422,VD,22,5561,0,2,0,3327,60.11422,0,29526011.1826172,25038.4906428638,13835251.1777344,17147.2990806864
275,Fontanezier,1423,1423,VD,22,5571,0,0,0,925,0,0,21483789.6015625,31698.7523554315,10049853.4311523,21678.9483762295
276,Champagne,1424,1424,VD,22,5553,0,0,0,986,0,0,8344073.72705078,13428.3049752629,3906587.61474609,9187.90002704267
277,Onnens VD,1425,1425,VD,22,5565,0,2,0,503,397.61431,0,15242868.6030273,22379.0320081548,7134623.53881836,15302.3588142605
278,Corcelles-près-Concise,1426,1426,VD,22,5555,0,0,0,1423,0,0,57180650.9331055,36864.0378447644,26755355.8395996,25215.1069639536
279,Bonvillars,1427,1427,VD,22,5551,0,0,0,479,0,0,11814580.6879883,19790.594091203,5531047.65161133,13538.3134103069
280,Mutrux,1428,1428,VD,22,5563,0,0,0,554,0,0,49394321.6977539,35222.7904841883,23078948.1174316,24080.0488397373
281,Giez,1429,1429,VD,22,5559,0,0,0,426,0,0,10154891.4589844,16786.084023467,4758120.23681641,11492.8536252154
282,Orges,1430,1430,VD,22,5924,0,0,0,341,0,0,8489166.31665039,14762.3714988157,3977978.61230469,10108.8243520251
283,Vugelles-La Mothe,1431,1431,VD,22,5937,0,0,0,231,0,0,10892282.8891602,16474.0988426741,5101173.61083984,11275.7415398565
284,Gressy,1432,1432,VD,22,5938,0,0,0,566,0,0,19023285.3806152,25919.5889705994,8937446.71875,17758.0696013554
285,Suchy,1433,1433,VD,22,5929,0,0,0,599,0,0,14090588.3942871,17349.8012812054,6625021.66308594,11893.8877109973
286,Ependes VD,1434,1434,VD,22,5914,0,1,0,366,273.22404,0,10210091.8476563,16755.0309248891,4796333.70849609,11485.4407765379
287,Essert-Pittet,1435,1435,VD,22,5749,0,0,0,186,0,0,7785426.90283203,12715.9575802021,3659472.53881836,8714.62490641302
288,Chamblon,1436,1436,VD,22,5904,0,0,0,1030,0,0,10454969.7766113,15326.0144614234,4906007.7331543,10499.3377918252
289,Suscévaz,1437,1437,VD,22,5930,0,0,0,215,0,0,8707240.25708008,14841.7046659549,4087641.98706055,10165.0754480618
290,Mathod,1438,1438,VD,22,5919,0,0,0,616,0,0,14119702.3781738,19154.2842235156,6629353.59033203,13126.6692149308
291,Rances,1439,1439,VD,22,5760,0,0,0,484,0,0,20882894.3439941,29898.3532581665,9802435.67773438,20491.0106480509
292,Valeyres-sous-Montagny,1441,1441,VD,22,5933,0,0,0,694,0,0,4902642.65063477,13236.0581107414,2298340.39453125,9065.36874269597
293,Montagny-près-Yverdon,1442,1442,VD,22,5922,0,0,0,877,0,0,7524136.1550293,15603.2067259505,3528615.98681641,10692.6184178109
294,Champvent,1443,1443,VD,22,5905,0,0,0,690,0,0,19390190.892334,26301.9752633663,9095207.78173828,18014.2738666474
295,Vuiteboeuf,1445,1445,VD,22,5766,0,0,0,603,0,0,11331152.5871582,16352.7053921065,5311239.41137695,11197.1584371661
296,Baulmes,1446,1446,VD,22,5745,0,0,0,1035,0,0,43308754.6298828,32263.0700985208,20313809.1108398,22101.6327368111
297,Ste-Croix,1450,1450,VD,22,5568,0,0,0,4244,0,0,42609564.5009766,39241.4845759168,19959939.0515137,26860.984372705
298,Les Rasses,1452,1452,VD,22,5552,0,0,0,203,0,0,11197207.576416,16242.5066464633,5241928.32666016,11111.470129529
299,Mauborget,1453,1453,VD,22,5562,0,0,0,649,0,0,76894274.4606934,47873.5480557937,35969430.1745605,32752.2460406649
300,L'Auberson,1454,1454,VD,22,5568,0,0,0,636,0,0,43780650.8703613,32461.1627607745,20506843.7695313,22211.08976583
301,Yvonand,1462,1462,VD,22,5939,0,0,0,3475,0,0,44601657.9335938,32339.4036132636,20911057.0725098,22146.3206142251
302,Rovray,1463,1463,VD,22,5928,0,0,0,182,0,0,6742831.47070313,14557.7712003771,3162407.00634766,9969.67698657012
303,Chavannes-le-Chêne,1464,1464,VD,22,5907,0,0,0,459,0,0,12979148.6762695,17052.9839515534,6090290.26318359,11678.2956364952
304,Cheyres,1468,1468,FR,10,2055,0,0,0,1562,0,0,28131267.46875,26997.0044554073,13178019.5825195,18477.5024365197
305,Bollion,1470,1470,FR,10,2025,0,0,0,7209,0,0,51039760.8549805,44333.490643559,23882072.9831543,30328.7075952589
306,Font,1473,1473,FR,10,2054,0,0,0,907,0,0,19065528.9545898,22070.2208587907,8923084.39306641,15098.732854945
307,Châbles FR,1474,1474,FR,10,2055,0,0,0,774,0,0,19948569.1933594,25132.7720804844,9341142.796875,17197.5422021709
308,Montbrelloz,1475,1475,FR,10,2054,0,0,0,1126,0,0,40578000.2729492,34471.7988229245,18967874.5178223,23567.6555786906
309,Cugy FR,1482,1482,FR,10,2011,0,0,0,1385,0,0,13853133.3305664,20404.9254054852,6491771.97509766,13969.0954368126
310,Vesin,1483,1483,FR,10,2011,0,0,0,1052,0,0,15871626.4702148,23039.0176360411,7436865.36621094,15768.9533168487
311,Aumont,1484,1484,FR,10,2050,0,0,0,812,0,0,13073941.9936523,22845.7812353491,6129182.28540039,15643.039514243
312,Nuvilly,1485,1485,FR,10,2035,0,0,0,441,0,0,9130464.33398438,15363.1146219111,4282955.65112305,10521.6704572926
313,Vuissens,1486,1486,FR,10,2054,0,0,0,272,0,0,11935093.5322266,15733.476082347,5608828.42700195,10782.7028416548
314,Murist,1489,1489,FR,10,2054,0,0,0,661,0,0,17439897.2890625,19867.6598551125,8177123.35253906,13604.7917221001
315,Vucherens,1509,1509,VD,22,5692,0,0,0,600,0,0,6935221.25292969,12209.4865197825,3272152.48657227,8384.22448181419
316,Moudon Caserne,1510,1510,VD,22,5678,0,0,0,6320,0,0,40019695.4682617,45403.606592549,18853310.3051758,31161.3266629903
317,Chavannes-sur-Moudon,1512,1512,VD,22,5665,0,0,0,221,0,0,9612036.51953125,16542.036159175,4529662.66137695,11355.8245560126
318,Hermenches,1513,1513,VD,22,5673,0,0,0,447,0,0,12425676.4946289,18965.6096517423,5859711.2644043,13021.4703454084
319,Bussy-sur-Moudon,1514,1514,VD,22,5663,0,0,0,218,0,0,6660670.046875,10702.896308207,3135270.50219727,7344.30832408404
320,Villars-le-Comte,1515,1515,VD,22,5690,0,0,0,300,0,0,16436307.1606445,22430.4687132464,7732297.49316406,15383.1502030836
321,Curtilles,1521,1521,VD,22,5669,0,0,0,331,0,0,10561866.128418,18900.4549992356,4969745.57641602,12960.6886419493
322,Oulens-sur-Lucens,1522,1522,VD,22,5675,0,0,0,3607,0,0,16823257.484375,24945.4992902667,7913483.64990234,17109.0996748309
323,Granges-près-Marnand,1523,1523,VD,22,5831,0,0,0,1448,0,0,14959321.8974609,20397.8003657195,7021589.24121094,13976.1178979225
324,Marnand,1524,1524,VD,22,5831,0,0,0,239,0,0,4939542.54931641,13949.1865333784,2319061.88061523,9557.55752078026
325,Seigneux,1525,1525,VD,22,5831,0,0,0,676,0,0,14139423.2290039,19119.7699648034,6645142.79443359,13103.692707584
326,Cremin,1526,1526,VD,22,5675,0,0,0,220,0,0,9382689.11230469,14967.9653128576,4410878.53051758,10267.0033474825
327,Villeneuve FR,1527,1527,FR,10,2044,0,0,0,373,0,0,6721000.65478516,14791.455208326,3157359.59326172,10135.9643701437
328,Praratoud,1528,1528,FR,10,2044,0,0,0,335,0,0,10404222.5595703,17698.1814232149,4888065.96533203,12131.7771596703
329,Cheiry,1529,1529,FR,10,2009,0,0,0,366,0,0,11002959.347168,20011.9264811178,5167785.24560547,13718.9818920289
330,Payerne Distribution,1530,1530,VD,22,5822,0,1,0,9737,10.2701,0,37868293.0117188,40436.2201727983,17736577.7333984,27668.6774794395
331,Fétigny Dist Fil,1532,1532,FR,10,2016,0,0,0,1065,0,0,8848920.37011719,16009.155308307,4148948.79541016,10960.8702161849
332,Ménières,1533,1533,FR,10,2027,0,0,0,443,0,0,9399053.43994141,16248.6319747732,4408739.36279297,11133.0210222819
333,Sassel,1534,1534,VD,22,5831,0,0,0,245,0,0,10532316.3808594,17919.1445868692,4942337.55737305,12276.1038331012
334,Combremont-le-Grand,1535,1535,VD,22,5831,0,0,0,325,0,0,12998490.2641602,18365.6595601047,6101704.22729492,12583.8002467871
335,Combremont-le-Petit,1536,1536,VD,22,5831,0,0,0,419,0,0,12190304.71875,16691.6351332436,5726354.81567383,11440.5854436979
336,Champtauroz,1537,1537,VD,22,5812,0,0,0,124,0,0,6477813.41308594,11920.4044468885,3041444.17333984,8165.17139418471
337,Treytorrens (Payerne),1538,1538,VD,22,5828,0,0,0,125,0,0,6666799.30615234,12127.971102973,3128354.27319336,8306.72687953106
338,Bussy FR,1541,1541,FR,10,2054,0,0,0,957,0,0,18320445.2172852,20715.5926183027,8576322.71484375,14178.351131118
339,Rueyres-les-Prés,1542,1542,FR,10,2054,0,0,0,532,0,0,6872246.53173828,14057.2367981608,3214972.61987305,9615.93819594699
340,Grandcour,1543,1543,VD,22,5817,0,0,0,982,0,0,21891542.375,27030.9406246004,10235371.4094238,18486.4174464448
341,Gletterens,1544,1544,FR,10,2022,0,0,0,1080,0,0,15077262.203125,21844.2226858861,7039454.99487305,14925.0401421619
342,Chevroux,1545,1545,VD,22,5813,0,0,0,493,0,0,28070581.2104492,22159.1712374013,13110265.2487793,15142.2198543993
343,Vers-chez-Perrin,1551,1551,VD,22,5822,0,0,0,297,0,0,12383591.1171875,19407.6842666148,5805945.39306641,13285.2907223038
344,Trey,1552,1552,VD,22,5827,0,0,0,274,0,0,8073978.14355469,15503.7714996321,3788668.58544922,10618.6479052079
345,Châtonnaye,1553,1553,FR,10,2068,0,0,0,831,0,0,13369328.5722656,21723.2457829975,6278530.06640625,14887.2480754685
346,Sédeilles,1554,1554,VD,22,5830,0,0,0,321,0,0,7807660.68505859,13441.2102923216,3668434.56079102,9209.13536836779
347,Villarzel,1555,1555,VD,22,5830,0,0,0,190,0,0,8572489.21337891,13907.2546074841,4027222.5,9529.16288032987
348,Corcelles-près-Payerne,1562,1562,VD,22,5816,0,0,0,2407,0,0,27451007.0717773,28595.2498632256,12849043.357666,19560.3801852162
349,Dompierre FR,1563,1563,FR,10,2053,0,0,0,1123,0,0,10074318.8393555,14310.7463153365,4713089.23779297,9784.34666781777
350,Domdidier,1564,1564,FR,10,2053,0,0,0,3279,0,0,17258848.3574219,23156.2135081765,8072447.16015625,15832.468722942
351,Missy,1565,1565,VD,22,5821,0,0,0,825,0,0,14085767.2915039,21143.9969725543,6583797.45483398,14453.5246666832
352,St-Aubin FR,1566,1566,FR,10,2041,0,0,0,1848,0,0,16922825.902832,19665.340890613,7906597.75512695,13440.8754541973
353,Delley,1567,1567,FR,10,2051,0,0,0,420,0,0,7300693.01855469,13138.5289243144,3408285.29736328,8977.18396728957
354,Portalban,1568,1568,FR,10,2051,0,0,0,747,0,0,28320105.1494141,26525.0333873437,13215035.9223633,18117.606050406
355,Oleyres,1580,1580,VD,22,5451,0,0,0,4261,0,0,46792882.0917969,45237.7177575957,21869745.2792969,30919.411135905
356,Villarepos,1583,1583,FR,10,2254,0,0,0,669,0,0,10273658.7592773,18252.2807580363,4801715.21704102,12479.7069490478
357,Villars-le-Grand,1584,1584,VD,22,5464,0,0,0,349,0,0,8965288.56689453,15334.6608910723,4186481.22875977,10476.9423246461
358,Bellerive VD,1585,1585,VD,22,5464,0,0,0,1191,0,0,12748289.7993164,22409.4476277913,5950650.41992188,15314.7297717501
359,Vallamand,1586,1586,VD,22,5464,0,0,0,556,0,0,9164346.22363281,16972.7552305066,4275366.00073242,11600.496256119
360,Constantine,1587,1587,VD,22,5464,0,0,0,470,0,0,10048794.7329102,19794.9401210819,4690715.30029297,13521.1212902058
361,Cudrefin,1588,1588,VD,22,5456,0,0,0,1675,0,0,68202393.8842773,35678.6265269575,31785463.440918,24365.2045666789
362,Chabrey,1589,1589,VD,22,5464,0,0,0,364,0,0,28350841.512207,24598.0558115402,13221312.5761719,16796.7030701179
363,Faoug,1595,1595,VD,22,5458,0,0,0,968,0,0,14495137.934082,18236.3956887799,6769132.86547852,12461.0337229064
364,Les Thioleyres,1607,1607,VD,22,5805,0,1,0,1740,57.47126,0,21278581.2485352,27859.0287487088,10068311.5703125,19165.9047829594
365,Chapelle (Glâne),1608,1608,FR,10,2066,0,0,0,1038,0,0,13530658.4326172,21970.5994690646,6395630.31152344,15104.8453596221
366,Fiaugères,1609,1609,FR,10,2335,0,0,0,1005,0,0,20848943.1586914,22476.011877643,9852780.3581543,15452.0896541869
367,Châtillens,1610,1610,VD,22,5805,0,0,0,2665,0,0,13887469.9902344,20459.6134577072,6566518.60302734,14068.2633283231
368,Le Crêt-près-Semsales,1611,1611,FR,10,2338,0,0,0,502,0,0,15790017.7939453,19638.2128878515,7455487.20263672,13498.6374330495
369,Ecoteaux,1612,1612,VD,22,5805,0,0,0,469,0,0,7927266.6171875,17440.4909119344,3750922.89868164,11992.0241628873
370,Maracon,1613,1613,VD,22,5790,0,0,0,497,0,0,9185958.73828125,19577.3956757541,4345021.0559082,13461.2897068754
371,Granges (Veveyse),1614,1614,FR,10,2328,0,1,0,897,111.48272,0,11124036.6201172,18596.2392662783,5268669.6887207,12795.5665301818
372,Bossonnens,1615,1615,FR,10,2323,0,0,0,1534,0,0,8723332.59033203,14114.2738027198,4130729.85473633,9712.81272373441
373,Attalens,1616,1616,FR,10,2321,0,2,0,3054,65.48788,0,15627509.1557617,17553.155534925,7405787.71679688,12083.8373696799
374,Remaufens,1617,1617,FR,10,2333,0,0,0,1655,0,0,16522258.2353516,21083.1830490578,7821983.83496094,14497.9838237239
375,Châtel-St-Denis Dist,1618,1618,FR,10,2325,0,0,0,6059,0,0,67004878.0678711,51600.7355219576,31722070.6474609,35510.5069296663
376,Les Paccots,1619,1619,FR,10,2325,0,0,0,973,0,0,34073256.09375,32839.7325365964,16147396.6000977,22607.2964702
377,Semsales,1623,1623,FR,10,2336,0,1,0,1408,71.02273,0,53822476.5493164,44594.881531463,25448004.3476563,30666.7168789606
378,La Verrerie,1624,1624,FR,10,2338,0,0,0,699,0,0,12794591.5664063,20650.5332821348,6044817.22290039,14193.8794012374
379,Sâles (Gruyère),1625,1625,FR,10,2152,0,0,0,1028,0,0,26235838.7143555,29399.3601061533,12374855.7570801,20189.6268257382
380,Treyfayes,1626,1626,FR,10,2152,0,0,0,477,0,0,12538636.6064453,22627.0332249451,5910869.86035156,15535.6433746642
381,Vaulruz,1627,1627,FR,10,2155,0,0,0,1068,0,0,19419709.2631836,27217.8267653616,9165422.07788086,18699.0441455403
382,Vuadens,1628,1628,FR,10,2160,0,0,0,2449,0,0,23830660.5356445,28033.2927476854,11250460.6721191,19261.1953327445
383,Bulle,1630,1630,FR,10,2125,0,1,0,18201,5.4942,0,37763885.2861328,50431.2888940172,17833936.3674316,34657.1408541885
384,Riaz,1632,1632,FR,10,2148,0,0,0,2700,0,0,15706880.668457,22685.5851591258,7406433.15112305,15584.1516164848
385,Vuippens,1633,1633,FR,10,2140,0,0,0,1925,0,0,17617239.4609375,29938.9784559216,8302440.24291992,20561.2581162321
386,La Roche FR,1634,1634,FR,10,2149,0,0,0,1748,0,0,51456651.1210938,31017.6964935167,24219421.9858398,21287.9592070884
387,La Tour-de-Trême,1635,1635,FR,10,2125,1,2,0.5,5283,37.85728,18.92864,41928804.6152344,52641.242597395,19810617.9343262,36184.2300066641
388,Broc,1636,1636,FR,10,2124,0,0,0,2640,0,0,26104462.9033203,22394.4321214723,12329394.0930176,15395.3486742305
389,Charmey (Gruyère),1637,1637,FR,10,2163,0,0,0,2124,0,0,149764165.415527,75675.3533987755,70747015.4736328,52015.1871851503
390,Morlon,1638,1638,FR,10,2143,0,0,0,574,0,0,9034500.80761719,13098.5291983101,4262994.79638672,8996.06382319694
391,Sorens,1642,1642,FR,10,2153,0,0,0,1145,0,0,18349279.7978516,20370.8803561956,8643373.39672852,13986.4041613283
392,Gumefens,1643,1643,FR,10,2122,0,0,0,883,0,0,7863267.69042969,15645.6653875904,3703079.3996582,10739.940775988
393,Avry-devant-Pont,1644,1644,FR,10,2122,0,0,0,662,0,0,9197616.49267578,18561.0206310276,4330057.28979492,12740.2796064013
394,Le Bry,1645,1645,FR,10,2122,0,0,0,346,0,0,8594416.01074219,17568.0225596211,4044233.8425293,12057.6884545028
395,Echarlens,1646,1646,FR,10,2131,0,0,0,853,0,0,10298540.7548828,16145.0059892703,4855424.16699219,11083.2056718311
396,Corbières,1647,1647,FR,10,2129,0,0,0,599,0,0,10233469.4047852,17450.0956116402,4822998.55444336,11984.883487472
397,Hauteville,1648,1648,FR,10,2137,0,1,0,695,143.88489,0,24582973.0854492,25589.6918699429,11580313.9304199,17569.2491234679
398,Pont-la-Ville,1649,1649,FR,10,2147,0,0,0,624,0,0,11783813.8217773,18602.7611022657,5544276.46435547,12757.5613682428
399,Villarvolard,1651,1651,FR,10,2129,0,0,0,322,0,0,12641671.1499023,16830.4376141562,5960864.08496094,11561.1828015725
400,Botterens,1652,1652,FR,10,2123,0,1,0,589,169.77929,0,9618189.72949219,14734.3596955031,4538429.81762695,10121.5941445142
401,Crésuz,1653,1653,FR,10,2130,0,0,0,691,0,0,8338062.04443359,13485.802049908,3935061.36352539,9266.20938633845
402,Cerniat FR,1654,1654,FR,10,2163,0,0,0,418,0,0,71363985.9311523,46759.984521466,33622658.3295898,32097.6964176024
403,Im Fang,1656,1656,FR,10,2138,0,0,0,661,0,0,91617053.8686523,47148.0154840642,43268919.935791,32400.7128096165
404,Abländschen,1657,1657,BE,2,843,0,0,0,46,0,0,19294086.2509766,23444.711743094,9123375.67114258,16122.873236376
405,La Tine,1658,1658,VD,22,5842,0,0,0,573,0,0,49227266.8803711,29896.3228174947,23365182.7219238,20598.95677072
406,Flendruz,1659,1659,VD,22,5843,0,0,0,1014,0,0,120929538.349609,60770.4426152779,57321372.0378418,41829.1480324202
407,Château-d'Oex,1660,1660,VD,22,5841,0,0,0,3541,0,0,240555932.697266,85234.0002572821,114296169.244385,58749.0429184725
408,Le Pâquier-Montbarry,1661,1661,FR,10,2145,0,0,0,1308,0,0,8927311.98095703,18448.6549385085,4217759.41894531,12681.1510334492
409,Pringy,1663,1663,FR,10,2135,0,0,0,2240,0,0,40082239.7255859,45329.3745671387,18949971.3044434,31175.6675704653
410,Estavannens,1665,1665,FR,10,2162,0,0,0,480,0,0,44898947.5683594,33305.8375756233,21233606.3759766,22908.1487635328
411,Grandvillard,1666,1666,FR,10,2134,0,0,0,1102,0,0,59227263.909668,43884.9140497692,28044191.8596191,30199.9972193997
412,Enney,1667,1667,FR,10,2162,0,0,0,735,0,0,15601273.7973633,16104.9881972646,7378592.56445313,11074.4531256472
413,Les Sciernes-d'Albeuve,1669,1669,FR,10,2121,0,1,0,1602,62.42197,0,126845804.830078,59456.5535258795,60131646.5222168,40933.3458083926
414,Ursy,1670,1670,FR,10,2102,0,0,0,1835,0,0,12059752.0966797,18236.3550122394,5687627.20532227,12523.719216019
415,Gillarens,1673,1673,FR,10,2097,0,0,0,2139,0,0,32231521.9799805,39574.7318697095,15218584.2119141,27179.4784620125
416,Vuarmarens,1674,1674,FR,10,2102,0,0,0,808,0,0,12536362.199707,21244.814444858,5910466.00878906,14588.6412088643
417,Vauderens,1675,1675,FR,10,2102,0,0,0,1076,0,0,17435062.8208008,23062.541014768,8229862.91186523,15844.4837534723
418,Chavannes-les-Forts,1676,1676,FR,10,2099,0,0,0,431,0,0,9405051.546875,17651.7892141398,4434272.24804688,12115.3016132093
419,Prez-vers-Siviriez,1677,1677,FR,10,2099,0,0,0,370,0,0,8829272.79541016,13419.5904955569,4164528.08911133,9213.47261814843
420,Siviriez,1678,1678,FR,10,2099,0,0,0,1093,0,0,17728976.0200195,23889.318912796,8354507.16870117,16395.2663028481
421,Villaraboud,1679,1679,FR,10,2099,0,0,0,388,0,0,6785620.99121094,14256.4685071671,3197673.18261719,9782.01525803652
422,Romont FR,1680,1680,FR,10,2096,0,1,0,5369,18.62544,0,30495959.559082,37153.2806551069,14350223.1809082,25482.0541995257
423,Billens,1681,1681,FR,10,2063,0,0,0,962,0,0,10405938.4487305,16037.9045290833,4899139.06079102,11004.3096777698
424,Dompierre VD,1682,1682,VD,22,5671,0,0,0,851,0,0,28592402.7744141,33833.9720059164,13449520.2165527,23197.4815814049
425,Brenles,1683,1683,VD,22,5675,0,0,0,409,0,0,14826758.9951172,19554.9512415992,6983753.48876953,13419.2784999641
426,Mézières FR,1684,1684,FR,10,2087,0,0,0,780,0,0,12602733.1914063,14675.1962351489,5934807.21142578,10068.429500852
427,Villariaz,1685,1685,FR,10,2113,0,0,0,366,0,0,6819993.35302734,14833.3615541933,3213474.79589844,10181.5411687834
428,Grangettes-près-Romont,1686,1686,FR,10,2079,0,0,0,273,0,0,10049767.765625,22799.080916474,4733148.25048828,15647.6903757671
429,Vuisternens-devant-Romont,1687,1687,FR,10,2113,0,0,0,1157,0,0,17550879.1621094,32906.9128123828,8272072.7956543,22588.980043987
430,Lieffrens,1688,1688,FR,10,2113,0,0,0,387,0,0,10632827.7729492,16076.8426947049,5015267.29492188,11041.8342045927
431,Le Châtelard-près-Romont,1689,1689,FR,10,2067,0,0,0,389,0,0,15816625.6855469,19118.4393314801,7449198.53955078,13121.4323611029
432,Villaz-St-Pierre,1690,1690,FR,10,2117,0,0,0,1770,0,0,22186033.953125,24337.0147992886,10431960.354248,16690.3720709093
433,Villarimboud,1691,1691,FR,10,2117,0,0,0,554,0,0,11497612.4394531,16120.0141154953,5401996.30566406,11051.7524762213
434,Massonnens,1692,1692,FR,10,2086,0,0,0,537,0,0,9167709.67138672,15913.3585754205,4314377.5144043,10916.5291709372
435,Orsonnens,1694,1694,FR,10,2114,0,0,0,1448,0,0,31214362.6396484,31681.4535292097,14684193.6582031,21729.9862261012
436,Estavayer-le-Gibloux,1695,1695,FR,10,2236,0,0,0,1321,0,0,22021137.5751953,25959.3492646258,10357602.8852539,17802.9071904146
437,Vuisternens-en-Ogoz,1696,1696,FR,10,2236,0,0,0,1062,0,0,13069804.2739258,15103.133215584,6148984.375,10362.4131817164
438,La Joux FR,1697,1697,FR,10,2113,0,0,0,435,0,0,12790326.4614258,19340.4600391367,6035176.49365234,13287.231835152
439,Bouloz,1699,1699,FR,10,2337,0,0,0,1232,0,0,20293740.7470703,25773.7068226752,9582824.56884766,17708.8708634374
440,Fribourg 1,1700,1700,FR,10,2196,0,4,0,36506,10.9571,0,22489600.3168945,25852.5087090666,10540678.659668,17698.3371801056
441,Tafers,1712,1712,FR,10,2306,0,0,0,3321,0,0,21630531.4321289,23809.043058789,10135844.4055176,16297.6800815228
442,St. Antoni,1713,1713,FR,10,2302,0,0,0,1672,0,0,20929200.5908203,22276.4603147872,9804774.64379883,15245.2881167023
443,Heitenried,1714,1714,FR,10,2296,0,0,0,1910,0,0,34415880.7143555,27688.3927959051,16117729.0908203,18942.4073328846
444,Alterswil FR,1715,1715,FR,10,2291,0,0,0,1855,0,0,28864558.8037109,30270.64460252,13537348.421875,20732.0267504486
445,Schwarzsee,1716,1716,FR,10,2299,0,0,0,3313,0,0,128773763.473145,67423.8498524788,60627601.0639648,46247.7775669605
446,St. Ursen,1717,1717,FR,10,2304,0,0,0,1326,0,0,29875240.5419922,31098.3296228823,14011682.9736328,21304.4877984372
447,Rechthalten,1718,1718,FR,10,2301,0,0,0,1232,0,0,18332499.574707,20521.0991849524,8605485.35864258,14059.0521476582
448,Brünisried,1719,1719,FR,10,2292,0,0,0,1067,0,0,10899721.5854492,14921.9911521865,5117987.72973633,10224.7011030332
449,Chésopelloz,1720,1720,FR,10,2183,0,0,0,2705,0,0,12526146.8720703,19747.8024997321,5871240.32495117,13523.9687984123
450,Cormérod,1721,1721,FR,10,2272,0,0,0,2075,0,0,24370978.3330078,23107.6800514945,11400716.3657227,15807.5082032738
451,Bourguillon,1722,1722,FR,10,2196,0,0,0,671,0,0,2131248.04492188,6016.8554858718,999192.706787109,4120.4782290131
452,Villarsel-sur-Marly,1723,1723,FR,10,2230,0,0,0,8390,0,0,29644178.5561523,31193.2230911104,13909386.5124512,21366.0418313264
453,Bonnefontaine,1724,1724,FR,10,2220,0,0,0,3693,0,0,43525528.5742188,35140.3060842556,20455512.2624512,24087.8215761333
454,Posieux,1725,1725,FR,10,2233,0,0,0,1337,0,0,14578810.0961914,21112.99074734,6841873.23217773,14463.6915347391
455,Posat,1726,1726,FR,10,2236,0,0,0,2404,0,0,21393289.1000977,24397.0179930455,10056252.9846191,16723.001403774
456,Corpataux,1727,1727,FR,10,2236,0,0,0,1335,0,0,9231793.61914063,16489.7572986857,4337215.15600586,11304.878281658
457,Rossens FR,1728,1728,FR,10,2236,0,0,0,1396,0,0,11136040.980957,17309.8124684092,5235567.95043945,11866.1860896678
458,Ecuvillens,1730,1730,FR,10,2233,0,0,0,1176,0,0,11121899.9838867,15380.4975977062,5222650.62255859,10539.671155917
459,Ependes FR,1731,1731,FR,10,2189,0,0,0,1096,0,0,11946528.5737305,14643.322227638,5609523.07348633,10033.451441732
460,Arconciel,1732,1732,FR,10,2171,0,0,0,951,0,0,12975291.0063477,21274.337312084,6093887.66748047,14580.0848694865
461,Treyvaux,1733,1733,FR,10,2226,0,0,0,1559,0,0,24240101.8857422,28647.514342654,11395934.2124023,19650.2556124704
462,Tentlingen,1734,1734,FR,10,2307,0,0,0,1364,0,0,7652876.61816406,15766.3557956963,3592037.16674805,10800.3191929821
463,Giffers,1735,1735,FR,10,2294,0,0,0,1662,0,0,11466654.1879883,20585.7006150569,5384594.60400391,14106.1301888872
464,St. Silvester,1736,1736,FR,10,2303,0,0,0,908,0,0,14989708.4619141,20617.2367763765,7043469.25878906,14131.1624570873
465,Plasselb,1737,1737,FR,10,2300,0,0,0,1072,0,0,38179086.7124023,40472.3938770898,17957313.2529297,27747.2233888928
466,Sangernboden,1738,1738,BE,2,852,0,0,0,241,0,0,147207931.597656,80107.8004770169,69269748.9494629,54962.4082148617
467,Neyruz FR,1740,1740,FR,10,2211,0,0,0,2576,0,0,11842241.2021484,17138.5068663575,5558322.87988281,11742.9496528256
468,Cottens FR,1741,1741,FR,10,2186,0,0,0,1522,0,0,10643006.421875,15962.5300856476,4998144.51855469,10941.223788288
469,Autigny,1742,1742,FR,10,2173,0,0,0,776,0,0,12658556.2138672,21022.6760872131,5947783.7421875,14413.1482106715
470,Chénens,1744,1744,FR,10,2177,0,0,0,867,0,0,8428967.5859375,12854.8427457277,3959881.90576172,8810.57994914643
471,Lentigny,1745,1745,FR,10,2234,0,0,0,1072,0,0,10995732.890625,15187.1371266312,5162521.03125,10408.1084720336
472,Prez-vers-Noréaz,1746,1746,FR,10,2237,0,0,0,1089,0,0,11212721.9345703,14992.3187725868,5259403.0769043,10269.9169400678
473,Corserey,1747,1747,FR,10,2237,0,0,0,422,0,0,7157065.3046875,12335.9101711023,3358766.40112305,8449.03348932174
474,Torny-le-Grand,1748,1748,FR,10,2115,0,0,0,508,0,0,10643370.9296875,16622.9379440483,4995705.08227539,11385.2482882822
475,Middes,1749,1749,FR,10,2115,0,0,0,490,0,0,10977571.8461914,17532.7070567154,5151310.85961914,12011.5603604584
476,Villars-sur-Glâne 1,1752,1752,FR,10,2228,1,2,0.5,12959,15.43329,7.71664,11714547.03125,16327.7458986747,5493051.08129883,11180.906665964
477,Matran,1753,1753,FR,10,